id,name,defination,description
1,Motion Sensor_1,http://www.qudt.org/qudt/owl/1.0.0/quantity/Instances.html#Motion Sensor_1,Motion Sensor_1 present in a substance or an object
2,CO2 Sensor_2,http://www.qudt.org/qudt/owl/1.0.0/quantity/Instances.html#CO2 Sensor_2,CO2 Sensor_2 present in a substance or an object
3,Humidity Sensor_3,http://www.qudt.org/qudt/owl/1.0.0/quantity/Instances.html#Humidity Sensor_3,Humidity Sensor_3 present in a substance or an object
4,Light Sensor_4,http://www.qudt.org/qudt/owl/1.0.0/quantity/Instances.html#Light Sensor_4,Light Sensor_4 present in a substance or an object
5,Light Sensor_5,http://www.qudt.org/qudt/owl/1.0.0/quantity/Instances.html#Light Sensor_5,Light Sensor_5 present in a substance or an object
6,Humidity Sensor_6,http://www.qudt.org/qudt/owl/1.0.0/quantity/Instances.html#Humidity Sensor_6,Humidity Sensor_6 present in a substance or an object
7,Pressure Sensor_7,http://www.qudt.org/qudt/owl/1.0.0/quantity/Instances.html#Pressure Sensor_7,Pressure Sensor_7 present in a substance or an object
8,Pressure Sensor_8,http://www.qudt.org/qudt/owl/1.0.0/quantity/Instances.html#Pressure Sensor_8,Pressure Sensor_8 present in a substance or an object
9,CO2 Sensor_9,http://www.qudt.org/qudt/owl/1.0.0/quantity/Instances.html#CO2 Sensor_9,CO2 Sensor_9 present in a substance or an object
10,CO2 Sensor_10,http://www.qudt.org/qudt/owl/1.0.0/quantity/Instances.html#CO2 Sensor_10,CO2 Sensor_10 present in a substance or an object
11,CO2 Sensor_11,http://www.qudt.org/qudt/owl/1.0.0/quantity/Instances.html#CO2 Sensor_11,CO2 Sensor_11 present in a substance or an object
12,Motion Sensor_12,http://www.qudt.org/qudt/owl/1.0.0/quantity/Instances.html#Motion Sensor_12,Motion Sensor_12 present in a substance or an object
13,CO2 Sensor_13,http://www.qudt.org/qudt/owl/1.0.0/quantity/Instances.html#CO2 Sensor_13,CO2 Sensor_13 present in a substance or an object
14,Temperature Sensor_14,http://www.qudt.org/qudt/owl/1.0.0/quantity/Instances.html#Temperature Sensor_14,Temperature Sensor_14 present in a substance or an object
15,Pressure Sensor_15,http://www.qudt.org/qudt/owl/1.0.0/quantity/Instances.html#Pressure Sensor_15,Pressure Sensor_15 present in a substance or an object
16,Temperature Sensor_16,http://www.qudt.org/qudt/owl/1.0.0/quantity/Instances.html#Temperature Sensor_16,Temperature Sensor_16 present in a substance or an object
17,Humidity Sensor_17,http://www.qudt.org/qudt/owl/1.0.0/quantity/Instances.html#Humidity Sensor_17,Humidity Sensor_17 present in a substance or an object
18,Pressure Sensor_18,http://www.qudt.org/qudt/owl/1.0.0/quantity/Instances.html#Pressure Sensor_18,Pressure Sensor_18 present in a substance or an object
19,Light Sensor_19,http://www.qudt.org/qudt/owl/1.0.0/quantity/Instances.html#Light Sensor_19,Light Sensor_19 present in a substance or an object
20,Humidity Sensor_20,http://www.qudt.org/qudt/owl/1.0.0/quantity/Instances.html#Humidity Sensor_20,Humidity Sensor_20 present in a substance or an object
21,Temperature Sensor_21,http://www.qudt.org/qudt/owl/1.0.0/quantity/Instances.html#Temperature Sensor_21,Temperature Sensor_21 present in a substance or an object
22,Temperature Sensor_22,http://www.qudt.org/qudt/owl/1.0.0/quantity/Instances.html#Temperature Sensor_22,Temperature Sensor_22 present in a substance or an object
23,CO2 Sensor_23,http://www.qudt.org/qudt/owl/1.0.0/quantity/Instances.html#CO2 Sensor_23,CO2 Sensor_23 present in a substance or an object
24,Light Sensor_24,http://www.qudt.org/qudt/owl/1.0.0/quantity/Instances.html#Light Sensor_24,Light Sensor_24 present in a substance or an object
25,Pressure Sensor_25,http://www.qudt.org/qudt/owl/1.0.0/quantity/Instances.html#Pressure Sensor_25,Pressure Sensor_25 present in a substance or an object
26,Temperature Sensor_26,http://www.qudt.org/qudt/owl/1.0.0/quantity/Instances.html#Temperature Sensor_26,Temperature Sensor_26 present in a substance or an object
27,Motion Sensor_27,http://www.qudt.org/qudt/owl/1.0.0/quantity/Instances.html#Motion Sensor_27,Motion Sensor_27 present in a substance or an object
28,CO2 Sensor_28,http://www.qudt.org/qudt/owl/1.0.0/quantity/Instances.html#CO2 Sensor_28,CO2 Sensor_28 present in a substance or an object
29,Motion Sensor_29,http://www.qudt.org/qudt/owl/1.0.0/quantity/Instances.html#Motion Sensor_29,Motion Sensor_29 present in a substance or an object
30,Motion Sensor_30,http://www.qudt.org/qudt/owl/1.0.0/quantity/Instances.html#Motion Sensor_30,Motion Sensor_30 present in a substance or an object
31,CO2 Sensor_31,http://www.qudt.org/qudt/owl/1.0.0/quantity/Instances.html#CO2 Sensor_31,CO2 Sensor_31 present in a substance or an object
32,Motion Sensor_32,http://www.qudt.org/qudt/owl/1.0.0/quantity/Instances.html#Motion Sensor_32,Motion Sensor_32 present in a substance or an object
33,Temperature Sensor_33,http://www.qudt.org/qudt/owl/1.0.0/quantity/Instances.html#Temperature Sensor_33,Temperature Sensor_33 present in a substance or an object
34,Pressure Sensor_34,http://www.qudt.org/qudt/owl/1.0.0/quantity/Instances.html#Pressure Sensor_34,Pressure Sensor_34 present in a substance or an object
35,Motion Sensor_35,http://www.qudt.org/qudt/owl/1.0.0/quantity/Instances.html#Motion Sensor_35,Motion Sensor_35 present in a substance or an object
36,Pressure Sensor_36,http://www.qudt.org/qudt/owl/1.0.0/quantity/Instances.html#Pressure Sensor_36,Pressure Sensor_36 present in a substance or an object
37,Humidity Sensor_37,http://www.qudt.org/qudt/owl/1.0.0/quantity/Instances.html#Humidity Sensor_37,Humidity Sensor_37 present in a substance or an object
38,Light Sensor_38,http://www.qudt.org/qudt/owl/1.0.0/quantity/Instances.html#Light Sensor_38,Light Sensor_38 present in a substance or an object
39,Humidity Sensor_39,http://www.qudt.org/qudt/owl/1.0.0/quantity/Instances.html#Humidity Sensor_39,Humidity Sensor_39 present in a substance or an object
40,Light Sensor_40,http://www.qudt.org/qudt/owl/1.0.0/quantity/Instances.html#Light Sensor_40,Light Sensor_40 present in a substance or an object
41,Pressure Sensor_41,http://www.qudt.org/qudt/owl/1.0.0/quantity/Instances.html#Pressure Sensor_41,Pressure Sensor_41 present in a substance or an object
42,Motion Sensor_42,http://www.qudt.org/qudt/owl/1.0.0/quantity/Instances.html#Motion Sensor_42,Motion Sensor_42 present in a substance or an object
43,Humidity Sensor_43,http://www.qudt.org/qudt/owl/1.0.0/quantity/Instances.html#Humidity Sensor_43,Humidity Sensor_43 present in a substance or an object
44,Motion Sensor_44,http://www.qudt.org/qudt/owl/1.0.0/quantity/Instances.html#Motion Sensor_44,Motion Sensor_44 present in a substance or an object
45,CO2 Sensor_45,http://www.qudt.org/qudt/owl/1.0.0/quantity/Instances.html#CO2 Sensor_45,CO2 Sensor_45 present in a substance or an object
46,Motion Sensor_46,http://www.qudt.org/qudt/owl/1.0.0/quantity/Instances.html#Motion Sensor_46,Motion Sensor_46 present in a substance or an object
47,CO2 Sensor_47,http://www.qudt.org/qudt/owl/1.0.0/quantity/Instances.html#CO2 Sensor_47,CO2 Sensor_47 present in a substance or an object
48,CO2 Sensor_48,http://www.qudt.org/qudt/owl/1.0.0/quantity/Instances.html#CO2 Sensor_48,CO2 Sensor_48 present in a substance or an object
49,Pressure Sensor_49,http://www.qudt.org/qudt/owl/1.0.0/quantity/Instances.html#Pressure Sensor_49,Pressure Sensor_49 present in a substance or an object
50,Light Sensor_50,http://www.qudt.org/qudt/owl/1.0.0/quantity/Instances.html#Light Sensor_50,Light Sensor_50 present in a substance or an object
51,Temperature Sensor_51,http://www.qudt.org/qudt/owl/1.0.0/quantity/Instances.html#Temperature Sensor_51,Temperature Sensor_51 present in a substance or an object
52,Humidity Sensor_52,http://www.qudt.org/qudt/owl/1.0.0/quantity/Instances.html#Humidity Sensor_52,Humidity Sensor_52 present in a substance or an object
53,Light Sensor_53,http://www.qudt.org/qudt/owl/1.0.0/quantity/Instances.html#Light Sensor_53,Light Sensor_53 present in a substance or an object
54,Motion Sensor_54,http://www.qudt.org/qudt/owl/1.0.0/quantity/Instances.html#Motion Sensor_54,Motion Sensor_54 present in a substance or an object
55,Pressure Sensor_55,http://www.qudt.org/qudt/owl/1.0.0/quantity/Instances.html#Pressure Sensor_55,Pressure Sensor_55 present in a substance or an object
56,CO2 Sensor_56,http://www.qudt.org/qudt/owl/1.0.0/quantity/Instances.html#CO2 Sensor_56,CO2 Sensor_56 present in a substance or an object
57,Motion Sensor_57,http://www.qudt.org/qudt/owl/1.0.0/quantity/Instances.html#Motion Sensor_57,Motion Sensor_57 present in a substance or an object
58,Light Sensor_58,http://www.qudt.org/qudt/owl/1.0.0/quantity/Instances.html#Light Sensor_58,Light Sensor_58 present in a substance or an object
59,Motion Sensor_59,http://www.qudt.org/qudt/owl/1.0.0/quantity/Instances.html#Motion Sensor_59,Motion Sensor_59 present in a substance or an object
60,Pressure Sensor_60,http://www.qudt.org/qudt/owl/1.0.0/quantity/Instances.html#Pressure Sensor_60,Pressure Sensor_60 present in a substance or an object
61,Temperature Sensor_61,http://www.qudt.org/qudt/owl/1.0.0/quantity/Instances.html#Temperature Sensor_61,Temperature Sensor_61 present in a substance or an object
62,Humidity Sensor_62,http://www.qudt.org/qudt/owl/1.0.0/quantity/Instances.html#Humidity Sensor_62,Humidity Sensor_62 present in a substance or an object
63,CO2 Sensor_63,http://www.qudt.org/qudt/owl/1.0.0/quantity/Instances.html#CO2 Sensor_63,CO2 Sensor_63 present in a substance or an object
64,Temperature Sensor_64,http://www.qudt.org/qudt/owl/1.0.0/quantity/Instances.html#Temperature Sensor_64,Temperature Sensor_64 present in a substance or an object
65,CO2 Sensor_65,http://www.qudt.org/qudt/owl/1.0.0/quantity/Instances.html#CO2 Sensor_65,CO2 Sensor_65 present in a substance or an object
66,Light Sensor_66,http://www.qudt.org/qudt/owl/1.0.0/quantity/Instances.html#Light Sensor_66,Light Sensor_66 present in a substance or an object
67,CO2 Sensor_67,http://www.qudt.org/qudt/owl/1.0.0/quantity/Instances.html#CO2 Sensor_67,CO2 Sensor_67 present in a substance or an object
68,Motion Sensor_68,http://www.qudt.org/qudt/owl/1.0.0/quantity/Instances.html#Motion Sensor_68,Motion Sensor_68 present in a substance or an object
69,Temperature Sensor_69,http://www.qudt.org/qudt/owl/1.0.0/quantity/Instances.html#Temperature Sensor_69,Temperature Sensor_69 present in a substance or an object
70,CO2 Sensor_70,http://www.qudt.org/qudt/owl/1.0.0/quantity/Instances.html#CO2 Sensor_70,CO2 Sensor_70 present in a substance or an object
71,Motion Sensor_71,http://www.qudt.org/qudt/owl/1.0.0/quantity/Instances.html#Motion Sensor_71,Motion Sensor_71 present in a substance or an object
72,Pressure Sensor_72,http://www.qudt.org/qudt/owl/1.0.0/quantity/Instances.html#Pressure Sensor_72,Pressure Sensor_72 present in a substance or an object
73,CO2 Sensor_73,http://www.qudt.org/qudt/owl/1.0.0/quantity/Instances.html#CO2 Sensor_73,CO2 Sensor_73 present in a substance or an object
74,Motion Sensor_74,http://www.qudt.org/qudt/owl/1.0.0/quantity/Instances.html#Motion Sensor_74,Motion Sensor_74 present in a substance or an object
75,Light Sensor_75,http://www.qudt.org/qudt/owl/1.0.0/quantity/Instances.html#Light Sensor_75,Light Sensor_75 present in a substance or an object
76,CO2 Sensor_76,http://www.qudt.org/qudt/owl/1.0.0/quantity/Instances.html#CO2 Sensor_76,CO2 Sensor_76 present in a substance or an object
77,Motion Sensor_77,http://www.qudt.org/qudt/owl/1.0.0/quantity/Instances.html#Motion Sensor_77,Motion Sensor_77 present in a substance or an object
78,Humidity Sensor_78,http://www.qudt.org/qudt/owl/1.0.0/quantity/Instances.html#Humidity Sensor_78,Humidity Sensor_78 present in a substance or an object
79,CO2 Sensor_79,http://www.qudt.org/qudt/owl/1.0.0/quantity/Instances.html#CO2 Sensor_79,CO2 Sensor_79 present in a substance or an object
80,Temperature Sensor_80,http://www.qudt.org/qudt/owl/1.0.0/quantity/Instances.html#Temperature Sensor_80,Temperature Sensor_80 present in a substance or an object
81,Temperature Sensor_81,http://www.qudt.org/qudt/owl/1.0.0/quantity/Instances.html#Temperature Sensor_81,Temperature Sensor_81 present in a substance or an object
82,Light Sensor_82,http://www.qudt.org/qudt/owl/1.0.0/quantity/Instances.html#Light Sensor_82,Light Sensor_82 present in a substance or an object
83,Temperature Sensor_83,http://www.qudt.org/qudt/owl/1.0.0/quantity/Instances.html#Temperature Sensor_83,Temperature Sensor_83 present in a substance or an object
84,Temperature Sensor_84,http://www.qudt.org/qudt/owl/1.0.0/quantity/Instances.html#Temperature Sensor_84,Temperature Sensor_84 present in a substance or an object
85,Humidity Sensor_85,http://www.qudt.org/qudt/owl/1.0.0/quantity/Instances.html#Humidity Sensor_85,Humidity Sensor_85 present in a substance or an object
86,Pressure Sensor_86,http://www.qudt.org/qudt/owl/1.0.0/quantity/Instances.html#Pressure Sensor_86,Pressure Sensor_86 present in a substance or an object
87,Pressure Sensor_87,http://www.qudt.org/qudt/owl/1.0.0/quantity/Instances.html#Pressure Sensor_87,Pressure Sensor_87 present in a substance or an object
88,Motion Sensor_88,http://www.qudt.org/qudt/owl/1.0.0/quantity/Instances.html#Motion Sensor_88,Motion Sensor_88 present in a substance or an object
89,Motion Sensor_89,http://www.qudt.org/qudt/owl/1.0.0/quantity/Instances.html#Motion Sensor_89,Motion Sensor_89 present in a substance or an object
90,Pressure Sensor_90,http://www.qudt.org/qudt/owl/1.0.0/quantity/Instances.html#Pressure Sensor_90,Pressure Sensor_90 present in a substance or an object
91,Pressure Sensor_91,http://www.qudt.org/qudt/owl/1.0.0/quantity/Instances.html#Pressure Sensor_91,Pressure Sensor_91 present in a substance or an object
92,CO2 Sensor_92,http://www.qudt.org/qudt/owl/1.0.0/quantity/Instances.html#CO2 Sensor_92,CO2 Sensor_92 present in a substance or an object
93,Light Sensor_93,http://www.qudt.org/qudt/owl/1.0.0/quantity/Instances.html#Light Sensor_93,Light Sensor_93 present in a substance or an object
94,Pressure Sensor_94,http://www.qudt.org/qudt/owl/1.0.0/quantity/Instances.html#Pressure Sensor_94,Pressure Sensor_94 present in a substance or an object
95,CO2 Sensor_95,http://www.qudt.org/qudt/owl/1.0.0/quantity/Instances.html#CO2 Sensor_95,CO2 Sensor_95 present in a substance or an object
96,CO2 Sensor_96,http://www.qudt.org/qudt/owl/1.0.0/quantity/Instances.html#CO2 Sensor_96,CO2 Sensor_96 present in a substance or an object
97,CO2 Sensor_97,http://www.qudt.org/qudt/owl/1.0.0/quantity/Instances.html#CO2 Sensor_97,CO2 Sensor_97 present in a substance or an object
98,Temperature Sensor_98,http://www.qudt.org/qudt/owl/1.0.0/quantity/Instances.html#Temperature Sensor_98,Temperature Sensor_98 present in a substance or an object
99,Humidity Sensor_99,http://www.qudt.org/qudt/owl/1.0.0/quantity/Instances.html#Humidity Sensor_99,Humidity Sensor_99 present in a substance or an object
100,Light Sensor_100,http://www.qudt.org/qudt/owl/1.0.0/quantity/Instances.html#Light Sensor_100,Light Sensor_100 present in a substance or an object
101,Pressure Sensor_101,http://www.qudt.org/qudt/owl/1.0.0/quantity/Instances.html#Pressure Sensor_101,Pressure Sensor_101 present in a substance or an object
102,Motion Sensor_102,http://www.qudt.org/qudt/owl/1.0.0/quantity/Instances.html#Motion Sensor_102,Motion Sensor_102 present in a substance or an object
103,Motion Sensor_103,http://www.qudt.org/qudt/owl/1.0.0/quantity/Instances.html#Motion Sensor_103,Motion Sensor_103 present in a substance or an object
104,Motion Sensor_104,http://www.qudt.org/qudt/owl/1.0.0/quantity/Instances.html#Motion Sensor_104,Motion Sensor_104 present in a substance or an object
105,CO2 Sensor_105,http://www.qudt.org/qudt/owl/1.0.0/quantity/Instances.html#CO2 Sensor_105,CO2 Sensor_105 present in a substance or an object
106,Temperature Sensor_106,http://www.qudt.org/qudt/owl/1.0.0/quantity/Instances.html#Temperature Sensor_106,Temperature Sensor_106 present in a substance or an object
107,CO2 Sensor_107,http://www.qudt.org/qudt/owl/1.0.0/quantity/Instances.html#CO2 Sensor_107,CO2 Sensor_107 present in a substance or an object
108,Motion Sensor_108,http://www.qudt.org/qudt/owl/1.0.0/quantity/Instances.html#Motion Sensor_108,Motion Sensor_108 present in a substance or an object
109,Motion Sensor_109,http://www.qudt.org/qudt/owl/1.0.0/quantity/Instances.html#Motion Sensor_109,Motion Sensor_109 present in a substance or an object
110,Light Sensor_110,http://www.qudt.org/qudt/owl/1.0.0/quantity/Instances.html#Light Sensor_110,Light Sensor_110 present in a substance or an object
111,Temperature Sensor_111,http://www.qudt.org/qudt/owl/1.0.0/quantity/Instances.html#Temperature Sensor_111,Temperature Sensor_111 present in a substance or an object
112,CO2 Sensor_112,http://www.qudt.org/qudt/owl/1.0.0/quantity/Instances.html#CO2 Sensor_112,CO2 Sensor_112 present in a substance or an object
113,Pressure Sensor_113,http://www.qudt.org/qudt/owl/1.0.0/quantity/Instances.html#Pressure Sensor_113,Pressure Sensor_113 present in a substance or an object
114,Temperature Sensor_114,http://www.qudt.org/qudt/owl/1.0.0/quantity/Instances.html#Temperature Sensor_114,Temperature Sensor_114 present in a substance or an object
115,Temperature Sensor_115,http://www.qudt.org/qudt/owl/1.0.0/quantity/Instances.html#Temperature Sensor_115,Temperature Sensor_115 present in a substance or an object
116,Humidity Sensor_116,http://www.qudt.org/qudt/owl/1.0.0/quantity/Instances.html#Humidity Sensor_116,Humidity Sensor_116 present in a substance or an object
117,Temperature Sensor_117,http://www.qudt.org/qudt/owl/1.0.0/quantity/Instances.html#Temperature Sensor_117,Temperature Sensor_117 present in a substance or an object
118,CO2 Sensor_118,http://www.qudt.org/qudt/owl/1.0.0/quantity/Instances.html#CO2 Sensor_118,CO2 Sensor_118 present in a substance or an object
119,Humidity Sensor_119,http://www.qudt.org/qudt/owl/1.0.0/quantity/Instances.html#Humidity Sensor_119,Humidity Sensor_119 present in a substance or an object
120,Light Sensor_120,http://www.qudt.org/qudt/owl/1.0.0/quantity/Instances.html#Light Sensor_120,Light Sensor_120 present in a substance or an object
121,Temperature Sensor_121,http://www.qudt.org/qudt/owl/1.0.0/quantity/Instances.html#Temperature Sensor_121,Temperature Sensor_121 present in a substance or an object
122,CO2 Sensor_122,http://www.qudt.org/qudt/owl/1.0.0/quantity/Instances.html#CO2 Sensor_122,CO2 Sensor_122 present in a substance or an object
123,CO2 Sensor_123,http://www.qudt.org/qudt/owl/1.0.0/quantity/Instances.html#CO2 Sensor_123,CO2 Sensor_123 present in a substance or an object
124,Temperature Sensor_124,http://www.qudt.org/qudt/owl/1.0.0/quantity/Instances.html#Temperature Sensor_124,Temperature Sensor_124 present in a substance or an object
125,Light Sensor_125,http://www.qudt.org/qudt/owl/1.0.0/quantity/Instances.html#Light Sensor_125,Light Sensor_125 present in a substance or an object
126,Motion Sensor_126,http://www.qudt.org/qudt/owl/1.0.0/quantity/Instances.html#Motion Sensor_126,Motion Sensor_126 present in a substance or an object
127,Pressure Sensor_127,http://www.qudt.org/qudt/owl/1.0.0/quantity/Instances.html#Pressure Sensor_127,Pressure Sensor_127 present in a substance or an object
128,CO2 Sensor_128,http://www.qudt.org/qudt/owl/1.0.0/quantity/Instances.html#CO2 Sensor_128,CO2 Sensor_128 present in a substance or an object
129,Humidity Sensor_129,http://www.qudt.org/qudt/owl/1.0.0/quantity/Instances.html#Humidity Sensor_129,Humidity Sensor_129 present in a substance or an object
130,Temperature Sensor_130,http://www.qudt.org/qudt/owl/1.0.0/quantity/Instances.html#Temperature Sensor_130,Temperature Sensor_130 present in a substance or an object
131,Light Sensor_131,http://www.qudt.org/qudt/owl/1.0.0/quantity/Instances.html#Light Sensor_131,Light Sensor_131 present in a substance or an object
132,CO2 Sensor_132,http://www.qudt.org/qudt/owl/1.0.0/quantity/Instances.html#CO2 Sensor_132,CO2 Sensor_132 present in a substance or an object
133,Temperature Sensor_133,http://www.qudt.org/qudt/owl/1.0.0/quantity/Instances.html#Temperature Sensor_133,Temperature Sensor_133 present in a substance or an object
134,Temperature Sensor_134,http://www.qudt.org/qudt/owl/1.0.0/quantity/Instances.html#Temperature Sensor_134,Temperature Sensor_134 present in a substance or an object
135,Light Sensor_135,http://www.qudt.org/qudt/owl/1.0.0/quantity/Instances.html#Light Sensor_135,Light Sensor_135 present in a substance or an object
136,Humidity Sensor_136,http://www.qudt.org/qudt/owl/1.0.0/quantity/Instances.html#Humidity Sensor_136,Humidity Sensor_136 present in a substance or an object
137,Temperature Sensor_137,http://www.qudt.org/qudt/owl/1.0.0/quantity/Instances.html#Temperature Sensor_137,Temperature Sensor_137 present in a substance or an object
138,Motion Sensor_138,http://www.qudt.org/qudt/owl/1.0.0/quantity/Instances.html#Motion Sensor_138,Motion Sensor_138 present in a substance or an object
139,Light Sensor_139,http://www.qudt.org/qudt/owl/1.0.0/quantity/Instances.html#Light Sensor_139,Light Sensor_139 present in a substance or an object
140,Pressure Sensor_140,http://www.qudt.org/qudt/owl/1.0.0/quantity/Instances.html#Pressure Sensor_140,Pressure Sensor_140 present in a substance or an object
141,Humidity Sensor_141,http://www.qudt.org/qudt/owl/1.0.0/quantity/Instances.html#Humidity Sensor_141,Humidity Sensor_141 present in a substance or an object
142,Temperature Sensor_142,http://www.qudt.org/qudt/owl/1.0.0/quantity/Instances.html#Temperature Sensor_142,Temperature Sensor_142 present in a substance or an object
143,Pressure Sensor_143,http://www.qudt.org/qudt/owl/1.0.0/quantity/Instances.html#Pressure Sensor_143,Pressure Sensor_143 present in a substance or an object
144,Humidity Sensor_144,http://www.qudt.org/qudt/owl/1.0.0/quantity/Instances.html#Humidity Sensor_144,Humidity Sensor_144 present in a substance or an object
145,Humidity Sensor_145,http://www.qudt.org/qudt/owl/1.0.0/quantity/Instances.html#Humidity Sensor_145,Humidity Sensor_145 present in a substance or an object
146,Light Sensor_146,http://www.qudt.org/qudt/owl/1.0.0/quantity/Instances.html#Light Sensor_146,Light Sensor_146 present in a substance or an object
147,Humidity Sensor_147,http://www.qudt.org/qudt/owl/1.0.0/quantity/Instances.html#Humidity Sensor_147,Humidity Sensor_147 present in a substance or an object
148,Motion Sensor_148,http://www.qudt.org/qudt/owl/1.0.0/quantity/Instances.html#Motion Sensor_148,Motion Sensor_148 present in a substance or an object
149,Pressure Sensor_149,http://www.qudt.org/qudt/owl/1.0.0/quantity/Instances.html#Pressure Sensor_149,Pressure Sensor_149 present in a substance or an object
150,Humidity Sensor_150,http://www.qudt.org/qudt/owl/1.0.0/quantity/Instances.html#Humidity Sensor_150,Humidity Sensor_150 present in a substance or an object
151,Light Sensor_151,http://www.qudt.org/qudt/owl/1.0.0/quantity/Instances.html#Light Sensor_151,Light Sensor_151 present in a substance or an object
152,Pressure Sensor_152,http://www.qudt.org/qudt/owl/1.0.0/quantity/Instances.html#Pressure Sensor_152,Pressure Sensor_152 present in a substance or an object
153,Light Sensor_153,http://www.qudt.org/qudt/owl/1.0.0/quantity/Instances.html#Light Sensor_153,Light Sensor_153 present in a substance or an object
154,CO2 Sensor_154,http://www.qudt.org/qudt/owl/1.0.0/quantity/Instances.html#CO2 Sensor_154,CO2 Sensor_154 present in a substance or an object
155,Pressure Sensor_155,http://www.qudt.org/qudt/owl/1.0.0/quantity/Instances.html#Pressure Sensor_155,Pressure Sensor_155 present in a substance or an object
156,CO2 Sensor_156,http://www.qudt.org/qudt/owl/1.0.0/quantity/Instances.html#CO2 Sensor_156,CO2 Sensor_156 present in a substance or an object
157,Pressure Sensor_157,http://www.qudt.org/qudt/owl/1.0.0/quantity/Instances.html#Pressure Sensor_157,Pressure Sensor_157 present in a substance or an object
158,Light Sensor_158,http://www.qudt.org/qudt/owl/1.0.0/quantity/Instances.html#Light Sensor_158,Light Sensor_158 present in a substance or an object
159,Temperature Sensor_159,http://www.qudt.org/qudt/owl/1.0.0/quantity/Instances.html#Temperature Sensor_159,Temperature Sensor_159 present in a substance or an object
160,Humidity Sensor_160,http://www.qudt.org/qudt/owl/1.0.0/quantity/Instances.html#Humidity Sensor_160,Humidity Sensor_160 present in a substance or an object
161,Humidity Sensor_161,http://www.qudt.org/qudt/owl/1.0.0/quantity/Instances.html#Humidity Sensor_161,Humidity Sensor_161 present in a substance or an object
162,Light Sensor_162,http://www.qudt.org/qudt/owl/1.0.0/quantity/Instances.html#Light Sensor_162,Light Sensor_162 present in a substance or an object
163,Temperature Sensor_163,http://www.qudt.org/qudt/owl/1.0.0/quantity/Instances.html#Temperature Sensor_163,Temperature Sensor_163 present in a substance or an object
164,Light Sensor_164,http://www.qudt.org/qudt/owl/1.0.0/quantity/Instances.html#Light Sensor_164,Light Sensor_164 present in a substance or an object
165,Light Sensor_165,http://www.qudt.org/qudt/owl/1.0.0/quantity/Instances.html#Light Sensor_165,Light Sensor_165 present in a substance or an object
166,Light Sensor_166,http://www.qudt.org/qudt/owl/1.0.0/quantity/Instances.html#Light Sensor_166,Light Sensor_166 present in a substance or an object
167,Pressure Sensor_167,http://www.qudt.org/qudt/owl/1.0.0/quantity/Instances.html#Pressure Sensor_167,Pressure Sensor_167 present in a substance or an object
168,CO2 Sensor_168,http://www.qudt.org/qudt/owl/1.0.0/quantity/Instances.html#CO2 Sensor_168,CO2 Sensor_168 present in a substance or an object
169,Pressure Sensor_169,http://www.qudt.org/qudt/owl/1.0.0/quantity/Instances.html#Pressure Sensor_169,Pressure Sensor_169 present in a substance or an object
170,Humidity Sensor_170,http://www.qudt.org/qudt/owl/1.0.0/quantity/Instances.html#Humidity Sensor_170,Humidity Sensor_170 present in a substance or an object
171,Temperature Sensor_171,http://www.qudt.org/qudt/owl/1.0.0/quantity/Instances.html#Temperature Sensor_171,Temperature Sensor_171 present in a substance or an object
172,CO2 Sensor_172,http://www.qudt.org/qudt/owl/1.0.0/quantity/Instances.html#CO2 Sensor_172,CO2 Sensor_172 present in a substance or an object
173,Temperature Sensor_173,http://www.qudt.org/qudt/owl/1.0.0/quantity/Instances.html#Temperature Sensor_173,Temperature Sensor_173 present in a substance or an object
174,Light Sensor_174,http://www.qudt.org/qudt/owl/1.0.0/quantity/Instances.html#Light Sensor_174,Light Sensor_174 present in a substance or an object
175,Light Sensor_175,http://www.qudt.org/qudt/owl/1.0.0/quantity/Instances.html#Light Sensor_175,Light Sensor_175 present in a substance or an object
176,CO2 Sensor_176,http://www.qudt.org/qudt/owl/1.0.0/quantity/Instances.html#CO2 Sensor_176,CO2 Sensor_176 present in a substance or an object
177,Motion Sensor_177,http://www.qudt.org/qudt/owl/1.0.0/quantity/Instances.html#Motion Sensor_177,Motion Sensor_177 present in a substance or an object
178,Temperature Sensor_178,http://www.qudt.org/qudt/owl/1.0.0/quantity/Instances.html#Temperature Sensor_178,Temperature Sensor_178 present in a substance or an object
179,Motion Sensor_179,http://www.qudt.org/qudt/owl/1.0.0/quantity/Instances.html#Motion Sensor_179,Motion Sensor_179 present in a substance or an object
180,Pressure Sensor_180,http://www.qudt.org/qudt/owl/1.0.0/quantity/Instances.html#Pressure Sensor_180,Pressure Sensor_180 present in a substance or an object
181,CO2 Sensor_181,http://www.qudt.org/qudt/owl/1.0.0/quantity/Instances.html#CO2 Sensor_181,CO2 Sensor_181 present in a substance or an object
182,Pressure Sensor_182,http://www.qudt.org/qudt/owl/1.0.0/quantity/Instances.html#Pressure Sensor_182,Pressure Sensor_182 present in a substance or an object
183,Humidity Sensor_183,http://www.qudt.org/qudt/owl/1.0.0/quantity/Instances.html#Humidity Sensor_183,Humidity Sensor_183 present in a substance or an object
184,Motion Sensor_184,http://www.qudt.org/qudt/owl/1.0.0/quantity/Instances.html#Motion Sensor_184,Motion Sensor_184 present in a substance or an object
185,Temperature Sensor_185,http://www.qudt.org/qudt/owl/1.0.0/quantity/Instances.html#Temperature Sensor_185,Temperature Sensor_185 present in a substance or an object
186,Temperature Sensor_186,http://www.qudt.org/qudt/owl/1.0.0/quantity/Instances.html#Temperature Sensor_186,Temperature Sensor_186 present in a substance or an object
187,Pressure Sensor_187,http://www.qudt.org/qudt/owl/1.0.0/quantity/Instances.html#Pressure Sensor_187,Pressure Sensor_187 present in a substance or an object
188,Pressure Sensor_188,http://www.qudt.org/qudt/owl/1.0.0/quantity/Instances.html#Pressure Sensor_188,Pressure Sensor_188 present in a substance or an object
189,Pressure Sensor_189,http://www.qudt.org/qudt/owl/1.0.0/quantity/Instances.html#Pressure Sensor_189,Pressure Sensor_189 present in a substance or an object
190,Pressure Sensor_190,http://www.qudt.org/qudt/owl/1.0.0/quantity/Instances.html#Pressure Sensor_190,Pressure Sensor_190 present in a substance or an object
191,Pressure Sensor_191,http://www.qudt.org/qudt/owl/1.0.0/quantity/Instances.html#Pressure Sensor_191,Pressure Sensor_191 present in a substance or an object
192,Light Sensor_192,http://www.qudt.org/qudt/owl/1.0.0/quantity/Instances.html#Light Sensor_192,Light Sensor_192 present in a substance or an object
193,Temperature Sensor_193,http://www.qudt.org/qudt/owl/1.0.0/quantity/Instances.html#Temperature Sensor_193,Temperature Sensor_193 present in a substance or an object
194,Light Sensor_194,http://www.qudt.org/qudt/owl/1.0.0/quantity/Instances.html#Light Sensor_194,Light Sensor_194 present in a substance or an object
195,CO2 Sensor_195,http://www.qudt.org/qudt/owl/1.0.0/quantity/Instances.html#CO2 Sensor_195,CO2 Sensor_195 present in a substance or an object
196,Pressure Sensor_196,http://www.qudt.org/qudt/owl/1.0.0/quantity/Instances.html#Pressure Sensor_196,Pressure Sensor_196 present in a substance or an object
197,CO2 Sensor_197,http://www.qudt.org/qudt/owl/1.0.0/quantity/Instances.html#CO2 Sensor_197,CO2 Sensor_197 present in a substance or an object
198,Humidity Sensor_198,http://www.qudt.org/qudt/owl/1.0.0/quantity/Instances.html#Humidity Sensor_198,Humidity Sensor_198 present in a substance or an object
199,Motion Sensor_199,http://www.qudt.org/qudt/owl/1.0.0/quantity/Instances.html#Motion Sensor_199,Motion Sensor_199 present in a substance or an object
200,Motion Sensor_200,http://www.qudt.org/qudt/owl/1.0.0/quantity/Instances.html#Motion Sensor_200,Motion Sensor_200 present in a substance or an object
