id,name,description,encodingType,feature,properties
2,Room No_2,Feature of interest_2,application/vnd.geo+json,0101000020E6100000BA490C022B7F52C0355EBA490C624440,{}
3,Room No_3,Feature of interest_3,application/vnd.geo+json,0101000020E6100000BA490C022B7F52C0355EBA490C624440,{}
4,Room No_4,Feature of interest_4,application/vnd.geo+json,0101000020E6100000BA490C022B7F52C0355EBA490C624440,{}
5,Room No_5,Feature of interest_5,application/vnd.geo+json,0101000020E6100000BA490C022B7F52C0355EBA490C624440,{}
6,Room No_6,Feature of interest_6,application/vnd.geo+json,0101000020E6100000BA490C022B7F52C0355EBA490C624440,{}
7,Room No_7,Feature of interest_7,application/vnd.geo+json,0101000020E6100000BA490C022B7F52C0355EBA490C624440,{}
8,Room No_8,Feature of interest_8,application/vnd.geo+json,0101000020E6100000BA490C022B7F52C0355EBA490C624440,{}
9,Room No_9,Feature of interest_9,application/vnd.geo+json,0101000020E6100000BA490C022B7F52C0355EBA490C624440,{}
10,Room No_10,Feature of interest_10,application/vnd.geo+json,0101000020E6100000BA490C022B7F52C0355EBA490C624440,{}
11,Room No_11,Feature of interest_11,application/vnd.geo+json,0101000020E6100000BA490C022B7F52C0355EBA490C624440,{}
12,Room No_12,Feature of interest_12,application/vnd.geo+json,0101000020E6100000BA490C022B7F52C0355EBA490C624440,{}
13,Room No_13,Feature of interest_13,application/vnd.geo+json,0101000020E6100000BA490C022B7F52C0355EBA490C624440,{}
14,Room No_14,Feature of interest_14,application/vnd.geo+json,0101000020E6100000BA490C022B7F52C0355EBA490C624440,{}
15,Room No_15,Feature of interest_15,application/vnd.geo+json,0101000020E6100000BA490C022B7F52C0355EBA490C624440,{}
16,Room No_16,Feature of interest_16,application/vnd.geo+json,0101000020E6100000BA490C022B7F52C0355EBA490C624440,{}
17,Room No_17,Feature of interest_17,application/vnd.geo+json,0101000020E6100000BA490C022B7F52C0355EBA490C624440,{}
18,Room No_18,Feature of interest_18,application/vnd.geo+json,0101000020E6100000BA490C022B7F52C0355EBA490C624440,{}
19,Room No_19,Feature of interest_19,application/vnd.geo+json,0101000020E6100000BA490C022B7F52C0355EBA490C624440,{}
20,Room No_20,Feature of interest_20,application/vnd.geo+json,0101000020E6100000BA490C022B7F52C0355EBA490C624440,{}
21,Room No_21,Feature of interest_21,application/vnd.geo+json,0101000020E6100000BA490C022B7F52C0355EBA490C624440,{}
22,Room No_22,Feature of interest_22,application/vnd.geo+json,0101000020E6100000BA490C022B7F52C0355EBA490C624440,{}
23,Room No_23,Feature of interest_23,application/vnd.geo+json,0101000020E6100000BA490C022B7F52C0355EBA490C624440,{}
24,Room No_24,Feature of interest_24,application/vnd.geo+json,0101000020E6100000BA490C022B7F52C0355EBA490C624440,{}
25,Room No_25,Feature of interest_25,application/vnd.geo+json,0101000020E6100000BA490C022B7F52C0355EBA490C624440,{}
26,Room No_26,Feature of interest_26,application/vnd.geo+json,0101000020E6100000BA490C022B7F52C0355EBA490C624440,{}
27,Room No_27,Feature of interest_27,application/vnd.geo+json,0101000020E6100000BA490C022B7F52C0355EBA490C624440,{}
28,Room No_28,Feature of interest_28,application/vnd.geo+json,0101000020E6100000BA490C022B7F52C0355EBA490C624440,{}
29,Room No_29,Feature of interest_29,application/vnd.geo+json,0101000020E6100000BA490C022B7F52C0355EBA490C624440,{}
30,Room No_30,Feature of interest_30,application/vnd.geo+json,0101000020E6100000BA490C022B7F52C0355EBA490C624440,{}
31,Room No_31,Feature of interest_31,application/vnd.geo+json,0101000020E6100000BA490C022B7F52C0355EBA490C624440,{}
32,Room No_32,Feature of interest_32,application/vnd.geo+json,0101000020E6100000BA490C022B7F52C0355EBA490C624440,{}
33,Room No_33,Feature of interest_33,application/vnd.geo+json,0101000020E6100000BA490C022B7F52C0355EBA490C624440,{}
34,Room No_34,Feature of interest_34,application/vnd.geo+json,0101000020E6100000BA490C022B7F52C0355EBA490C624440,{}
35,Room No_35,Feature of interest_35,application/vnd.geo+json,0101000020E6100000BA490C022B7F52C0355EBA490C624440,{}
36,Room No_36,Feature of interest_36,application/vnd.geo+json,0101000020E6100000BA490C022B7F52C0355EBA490C624440,{}
37,Room No_37,Feature of interest_37,application/vnd.geo+json,0101000020E6100000BA490C022B7F52C0355EBA490C624440,{}
38,Room No_38,Feature of interest_38,application/vnd.geo+json,0101000020E6100000BA490C022B7F52C0355EBA490C624440,{}
39,Room No_39,Feature of interest_39,application/vnd.geo+json,0101000020E6100000BA490C022B7F52C0355EBA490C624440,{}
40,Room No_40,Feature of interest_40,application/vnd.geo+json,0101000020E6100000BA490C022B7F52C0355EBA490C624440,{}
41,Room No_41,Feature of interest_41,application/vnd.geo+json,0101000020E6100000BA490C022B7F52C0355EBA490C624440,{}
42,Room No_42,Feature of interest_42,application/vnd.geo+json,0101000020E6100000BA490C022B7F52C0355EBA490C624440,{}
43,Room No_43,Feature of interest_43,application/vnd.geo+json,0101000020E6100000BA490C022B7F52C0355EBA490C624440,{}
44,Room No_44,Feature of interest_44,application/vnd.geo+json,0101000020E6100000BA490C022B7F52C0355EBA490C624440,{}
45,Room No_45,Feature of interest_45,application/vnd.geo+json,0101000020E6100000BA490C022B7F52C0355EBA490C624440,{}
46,Room No_46,Feature of interest_46,application/vnd.geo+json,0101000020E6100000BA490C022B7F52C0355EBA490C624440,{}
47,Room No_47,Feature of interest_47,application/vnd.geo+json,0101000020E6100000BA490C022B7F52C0355EBA490C624440,{}
48,Room No_48,Feature of interest_48,application/vnd.geo+json,0101000020E6100000BA490C022B7F52C0355EBA490C624440,{}
49,Room No_49,Feature of interest_49,application/vnd.geo+json,0101000020E6100000BA490C022B7F52C0355EBA490C624440,{}
50,Room No_50,Feature of interest_50,application/vnd.geo+json,0101000020E6100000BA490C022B7F52C0355EBA490C624440,{}
51,Room No_51,Feature of interest_51,application/vnd.geo+json,0101000020E6100000BA490C022B7F52C0355EBA490C624440,{}
52,Room No_52,Feature of interest_52,application/vnd.geo+json,0101000020E6100000BA490C022B7F52C0355EBA490C624440,{}
53,Room No_53,Feature of interest_53,application/vnd.geo+json,0101000020E6100000BA490C022B7F52C0355EBA490C624440,{}
54,Room No_54,Feature of interest_54,application/vnd.geo+json,0101000020E6100000BA490C022B7F52C0355EBA490C624440,{}
55,Room No_55,Feature of interest_55,application/vnd.geo+json,0101000020E6100000BA490C022B7F52C0355EBA490C624440,{}
56,Room No_56,Feature of interest_56,application/vnd.geo+json,0101000020E6100000BA490C022B7F52C0355EBA490C624440,{}
57,Room No_57,Feature of interest_57,application/vnd.geo+json,0101000020E6100000BA490C022B7F52C0355EBA490C624440,{}
58,Room No_58,Feature of interest_58,application/vnd.geo+json,0101000020E6100000BA490C022B7F52C0355EBA490C624440,{}
59,Room No_59,Feature of interest_59,application/vnd.geo+json,0101000020E6100000BA490C022B7F52C0355EBA490C624440,{}
60,Room No_60,Feature of interest_60,application/vnd.geo+json,0101000020E6100000BA490C022B7F52C0355EBA490C624440,{}
61,Room No_61,Feature of interest_61,application/vnd.geo+json,0101000020E6100000BA490C022B7F52C0355EBA490C624440,{}
62,Room No_62,Feature of interest_62,application/vnd.geo+json,0101000020E6100000BA490C022B7F52C0355EBA490C624440,{}
63,Room No_63,Feature of interest_63,application/vnd.geo+json,0101000020E6100000BA490C022B7F52C0355EBA490C624440,{}
64,Room No_64,Feature of interest_64,application/vnd.geo+json,0101000020E6100000BA490C022B7F52C0355EBA490C624440,{}
65,Room No_65,Feature of interest_65,application/vnd.geo+json,0101000020E6100000BA490C022B7F52C0355EBA490C624440,{}
66,Room No_66,Feature of interest_66,application/vnd.geo+json,0101000020E6100000BA490C022B7F52C0355EBA490C624440,{}
67,Room No_67,Feature of interest_67,application/vnd.geo+json,0101000020E6100000BA490C022B7F52C0355EBA490C624440,{}
68,Room No_68,Feature of interest_68,application/vnd.geo+json,0101000020E6100000BA490C022B7F52C0355EBA490C624440,{}
69,Room No_69,Feature of interest_69,application/vnd.geo+json,0101000020E6100000BA490C022B7F52C0355EBA490C624440,{}
70,Room No_70,Feature of interest_70,application/vnd.geo+json,0101000020E6100000BA490C022B7F52C0355EBA490C624440,{}
71,Room No_71,Feature of interest_71,application/vnd.geo+json,0101000020E6100000BA490C022B7F52C0355EBA490C624440,{}
72,Room No_72,Feature of interest_72,application/vnd.geo+json,0101000020E6100000BA490C022B7F52C0355EBA490C624440,{}
73,Room No_73,Feature of interest_73,application/vnd.geo+json,0101000020E6100000BA490C022B7F52C0355EBA490C624440,{}
74,Room No_74,Feature of interest_74,application/vnd.geo+json,0101000020E6100000BA490C022B7F52C0355EBA490C624440,{}
75,Room No_75,Feature of interest_75,application/vnd.geo+json,0101000020E6100000BA490C022B7F52C0355EBA490C624440,{}
76,Room No_76,Feature of interest_76,application/vnd.geo+json,0101000020E6100000BA490C022B7F52C0355EBA490C624440,{}
77,Room No_77,Feature of interest_77,application/vnd.geo+json,0101000020E6100000BA490C022B7F52C0355EBA490C624440,{}
78,Room No_78,Feature of interest_78,application/vnd.geo+json,0101000020E6100000BA490C022B7F52C0355EBA490C624440,{}
79,Room No_79,Feature of interest_79,application/vnd.geo+json,0101000020E6100000BA490C022B7F52C0355EBA490C624440,{}
80,Room No_80,Feature of interest_80,application/vnd.geo+json,0101000020E6100000BA490C022B7F52C0355EBA490C624440,{}
81,Room No_81,Feature of interest_81,application/vnd.geo+json,0101000020E6100000BA490C022B7F52C0355EBA490C624440,{}
82,Room No_82,Feature of interest_82,application/vnd.geo+json,0101000020E6100000BA490C022B7F52C0355EBA490C624440,{}
83,Room No_83,Feature of interest_83,application/vnd.geo+json,0101000020E6100000BA490C022B7F52C0355EBA490C624440,{}
84,Room No_84,Feature of interest_84,application/vnd.geo+json,0101000020E6100000BA490C022B7F52C0355EBA490C624440,{}
85,Room No_85,Feature of interest_85,application/vnd.geo+json,0101000020E6100000BA490C022B7F52C0355EBA490C624440,{}
86,Room No_86,Feature of interest_86,application/vnd.geo+json,0101000020E6100000BA490C022B7F52C0355EBA490C624440,{}
87,Room No_87,Feature of interest_87,application/vnd.geo+json,0101000020E6100000BA490C022B7F52C0355EBA490C624440,{}
88,Room No_88,Feature of interest_88,application/vnd.geo+json,0101000020E6100000BA490C022B7F52C0355EBA490C624440,{}
89,Room No_89,Feature of interest_89,application/vnd.geo+json,0101000020E6100000BA490C022B7F52C0355EBA490C624440,{}
90,Room No_90,Feature of interest_90,application/vnd.geo+json,0101000020E6100000BA490C022B7F52C0355EBA490C624440,{}
91,Room No_91,Feature of interest_91,application/vnd.geo+json,0101000020E6100000BA490C022B7F52C0355EBA490C624440,{}
92,Room No_92,Feature of interest_92,application/vnd.geo+json,0101000020E6100000BA490C022B7F52C0355EBA490C624440,{}
93,Room No_93,Feature of interest_93,application/vnd.geo+json,0101000020E6100000BA490C022B7F52C0355EBA490C624440,{}
94,Room No_94,Feature of interest_94,application/vnd.geo+json,0101000020E6100000BA490C022B7F52C0355EBA490C624440,{}
95,Room No_95,Feature of interest_95,application/vnd.geo+json,0101000020E6100000BA490C022B7F52C0355EBA490C624440,{}
96,Room No_96,Feature of interest_96,application/vnd.geo+json,0101000020E6100000BA490C022B7F52C0355EBA490C624440,{}
97,Room No_97,Feature of interest_97,application/vnd.geo+json,0101000020E6100000BA490C022B7F52C0355EBA490C624440,{}
98,Room No_98,Feature of interest_98,application/vnd.geo+json,0101000020E6100000BA490C022B7F52C0355EBA490C624440,{}
99,Room No_99,Feature of interest_99,application/vnd.geo+json,0101000020E6100000BA490C022B7F52C0355EBA490C624440,{}
100,Room No_100,Feature of interest_100,application/vnd.geo+json,0101000020E6100000BA490C022B7F52C0355EBA490C624440,{}
101,Room No_101,Feature of interest_101,application/vnd.geo+json,0101000020E6100000BA490C022B7F52C0355EBA490C624440,{}
102,Room No_102,Feature of interest_102,application/vnd.geo+json,0101000020E6100000BA490C022B7F52C0355EBA490C624440,{}
103,Room No_103,Feature of interest_103,application/vnd.geo+json,0101000020E6100000BA490C022B7F52C0355EBA490C624440,{}
104,Room No_104,Feature of interest_104,application/vnd.geo+json,0101000020E6100000BA490C022B7F52C0355EBA490C624440,{}
105,Room No_105,Feature of interest_105,application/vnd.geo+json,0101000020E6100000BA490C022B7F52C0355EBA490C624440,{}
106,Room No_106,Feature of interest_106,application/vnd.geo+json,0101000020E6100000BA490C022B7F52C0355EBA490C624440,{}
107,Room No_107,Feature of interest_107,application/vnd.geo+json,0101000020E6100000BA490C022B7F52C0355EBA490C624440,{}
108,Room No_108,Feature of interest_108,application/vnd.geo+json,0101000020E6100000BA490C022B7F52C0355EBA490C624440,{}
109,Room No_109,Feature of interest_109,application/vnd.geo+json,0101000020E6100000BA490C022B7F52C0355EBA490C624440,{}
110,Room No_110,Feature of interest_110,application/vnd.geo+json,0101000020E6100000BA490C022B7F52C0355EBA490C624440,{}
111,Room No_111,Feature of interest_111,application/vnd.geo+json,0101000020E6100000BA490C022B7F52C0355EBA490C624440,{}
112,Room No_112,Feature of interest_112,application/vnd.geo+json,0101000020E6100000BA490C022B7F52C0355EBA490C624440,{}
113,Room No_113,Feature of interest_113,application/vnd.geo+json,0101000020E6100000BA490C022B7F52C0355EBA490C624440,{}
114,Room No_114,Feature of interest_114,application/vnd.geo+json,0101000020E6100000BA490C022B7F52C0355EBA490C624440,{}
115,Room No_115,Feature of interest_115,application/vnd.geo+json,0101000020E6100000BA490C022B7F52C0355EBA490C624440,{}
116,Room No_116,Feature of interest_116,application/vnd.geo+json,0101000020E6100000BA490C022B7F52C0355EBA490C624440,{}
117,Room No_117,Feature of interest_117,application/vnd.geo+json,0101000020E6100000BA490C022B7F52C0355EBA490C624440,{}
118,Room No_118,Feature of interest_118,application/vnd.geo+json,0101000020E6100000BA490C022B7F52C0355EBA490C624440,{}
119,Room No_119,Feature of interest_119,application/vnd.geo+json,0101000020E6100000BA490C022B7F52C0355EBA490C624440,{}
120,Room No_120,Feature of interest_120,application/vnd.geo+json,0101000020E6100000BA490C022B7F52C0355EBA490C624440,{}
121,Room No_121,Feature of interest_121,application/vnd.geo+json,0101000020E6100000BA490C022B7F52C0355EBA490C624440,{}
122,Room No_122,Feature of interest_122,application/vnd.geo+json,0101000020E6100000BA490C022B7F52C0355EBA490C624440,{}
123,Room No_123,Feature of interest_123,application/vnd.geo+json,0101000020E6100000BA490C022B7F52C0355EBA490C624440,{}
124,Room No_124,Feature of interest_124,application/vnd.geo+json,0101000020E6100000BA490C022B7F52C0355EBA490C624440,{}
125,Room No_125,Feature of interest_125,application/vnd.geo+json,0101000020E6100000BA490C022B7F52C0355EBA490C624440,{}
126,Room No_126,Feature of interest_126,application/vnd.geo+json,0101000020E6100000BA490C022B7F52C0355EBA490C624440,{}
127,Room No_127,Feature of interest_127,application/vnd.geo+json,0101000020E6100000BA490C022B7F52C0355EBA490C624440,{}
128,Room No_128,Feature of interest_128,application/vnd.geo+json,0101000020E6100000BA490C022B7F52C0355EBA490C624440,{}
129,Room No_129,Feature of interest_129,application/vnd.geo+json,0101000020E6100000BA490C022B7F52C0355EBA490C624440,{}
130,Room No_130,Feature of interest_130,application/vnd.geo+json,0101000020E6100000BA490C022B7F52C0355EBA490C624440,{}
131,Room No_131,Feature of interest_131,application/vnd.geo+json,0101000020E6100000BA490C022B7F52C0355EBA490C624440,{}
132,Room No_132,Feature of interest_132,application/vnd.geo+json,0101000020E6100000BA490C022B7F52C0355EBA490C624440,{}
133,Room No_133,Feature of interest_133,application/vnd.geo+json,0101000020E6100000BA490C022B7F52C0355EBA490C624440,{}
134,Room No_134,Feature of interest_134,application/vnd.geo+json,0101000020E6100000BA490C022B7F52C0355EBA490C624440,{}
135,Room No_135,Feature of interest_135,application/vnd.geo+json,0101000020E6100000BA490C022B7F52C0355EBA490C624440,{}
136,Room No_136,Feature of interest_136,application/vnd.geo+json,0101000020E6100000BA490C022B7F52C0355EBA490C624440,{}
137,Room No_137,Feature of interest_137,application/vnd.geo+json,0101000020E6100000BA490C022B7F52C0355EBA490C624440,{}
138,Room No_138,Feature of interest_138,application/vnd.geo+json,0101000020E6100000BA490C022B7F52C0355EBA490C624440,{}
139,Room No_139,Feature of interest_139,application/vnd.geo+json,0101000020E6100000BA490C022B7F52C0355EBA490C624440,{}
140,Room No_140,Feature of interest_140,application/vnd.geo+json,0101000020E6100000BA490C022B7F52C0355EBA490C624440,{}
141,Room No_141,Feature of interest_141,application/vnd.geo+json,0101000020E6100000BA490C022B7F52C0355EBA490C624440,{}
142,Room No_142,Feature of interest_142,application/vnd.geo+json,0101000020E6100000BA490C022B7F52C0355EBA490C624440,{}
143,Room No_143,Feature of interest_143,application/vnd.geo+json,0101000020E6100000BA490C022B7F52C0355EBA490C624440,{}
144,Room No_144,Feature of interest_144,application/vnd.geo+json,0101000020E6100000BA490C022B7F52C0355EBA490C624440,{}
145,Room No_145,Feature of interest_145,application/vnd.geo+json,0101000020E6100000BA490C022B7F52C0355EBA490C624440,{}
146,Room No_146,Feature of interest_146,application/vnd.geo+json,0101000020E6100000BA490C022B7F52C0355EBA490C624440,{}
147,Room No_147,Feature of interest_147,application/vnd.geo+json,0101000020E6100000BA490C022B7F52C0355EBA490C624440,{}
148,Room No_148,Feature of interest_148,application/vnd.geo+json,0101000020E6100000BA490C022B7F52C0355EBA490C624440,{}
149,Room No_149,Feature of interest_149,application/vnd.geo+json,0101000020E6100000BA490C022B7F52C0355EBA490C624440,{}
150,Room No_150,Feature of interest_150,application/vnd.geo+json,0101000020E6100000BA490C022B7F52C0355EBA490C624440,{}
151,Room No_151,Feature of interest_151,application/vnd.geo+json,0101000020E6100000BA490C022B7F52C0355EBA490C624440,{}
152,Room No_152,Feature of interest_152,application/vnd.geo+json,0101000020E6100000BA490C022B7F52C0355EBA490C624440,{}
153,Room No_153,Feature of interest_153,application/vnd.geo+json,0101000020E6100000BA490C022B7F52C0355EBA490C624440,{}
154,Room No_154,Feature of interest_154,application/vnd.geo+json,0101000020E6100000BA490C022B7F52C0355EBA490C624440,{}
155,Room No_155,Feature of interest_155,application/vnd.geo+json,0101000020E6100000BA490C022B7F52C0355EBA490C624440,{}
156,Room No_156,Feature of interest_156,application/vnd.geo+json,0101000020E6100000BA490C022B7F52C0355EBA490C624440,{}
157,Room No_157,Feature of interest_157,application/vnd.geo+json,0101000020E6100000BA490C022B7F52C0355EBA490C624440,{}
158,Room No_158,Feature of interest_158,application/vnd.geo+json,0101000020E6100000BA490C022B7F52C0355EBA490C624440,{}
159,Room No_159,Feature of interest_159,application/vnd.geo+json,0101000020E6100000BA490C022B7F52C0355EBA490C624440,{}
160,Room No_160,Feature of interest_160,application/vnd.geo+json,0101000020E6100000BA490C022B7F52C0355EBA490C624440,{}
161,Room No_161,Feature of interest_161,application/vnd.geo+json,0101000020E6100000BA490C022B7F52C0355EBA490C624440,{}
162,Room No_162,Feature of interest_162,application/vnd.geo+json,0101000020E6100000BA490C022B7F52C0355EBA490C624440,{}
163,Room No_163,Feature of interest_163,application/vnd.geo+json,0101000020E6100000BA490C022B7F52C0355EBA490C624440,{}
164,Room No_164,Feature of interest_164,application/vnd.geo+json,0101000020E6100000BA490C022B7F52C0355EBA490C624440,{}
165,Room No_165,Feature of interest_165,application/vnd.geo+json,0101000020E6100000BA490C022B7F52C0355EBA490C624440,{}
166,Room No_166,Feature of interest_166,application/vnd.geo+json,0101000020E6100000BA490C022B7F52C0355EBA490C624440,{}
167,Room No_167,Feature of interest_167,application/vnd.geo+json,0101000020E6100000BA490C022B7F52C0355EBA490C624440,{}
168,Room No_168,Feature of interest_168,application/vnd.geo+json,0101000020E6100000BA490C022B7F52C0355EBA490C624440,{}
169,Room No_169,Feature of interest_169,application/vnd.geo+json,0101000020E6100000BA490C022B7F52C0355EBA490C624440,{}
170,Room No_170,Feature of interest_170,application/vnd.geo+json,0101000020E6100000BA490C022B7F52C0355EBA490C624440,{}
171,Room No_171,Feature of interest_171,application/vnd.geo+json,0101000020E6100000BA490C022B7F52C0355EBA490C624440,{}
172,Room No_172,Feature of interest_172,application/vnd.geo+json,0101000020E6100000BA490C022B7F52C0355EBA490C624440,{}
173,Room No_173,Feature of interest_173,application/vnd.geo+json,0101000020E6100000BA490C022B7F52C0355EBA490C624440,{}
174,Room No_174,Feature of interest_174,application/vnd.geo+json,0101000020E6100000BA490C022B7F52C0355EBA490C624440,{}
175,Room No_175,Feature of interest_175,application/vnd.geo+json,0101000020E6100000BA490C022B7F52C0355EBA490C624440,{}
176,Room No_176,Feature of interest_176,application/vnd.geo+json,0101000020E6100000BA490C022B7F52C0355EBA490C624440,{}
177,Room No_177,Feature of interest_177,application/vnd.geo+json,0101000020E6100000BA490C022B7F52C0355EBA490C624440,{}
178,Room No_178,Feature of interest_178,application/vnd.geo+json,0101000020E6100000BA490C022B7F52C0355EBA490C624440,{}
179,Room No_179,Feature of interest_179,application/vnd.geo+json,0101000020E6100000BA490C022B7F52C0355EBA490C624440,{}
180,Room No_180,Feature of interest_180,application/vnd.geo+json,0101000020E6100000BA490C022B7F52C0355EBA490C624440,{}
181,Room No_181,Feature of interest_181,application/vnd.geo+json,0101000020E6100000BA490C022B7F52C0355EBA490C624440,{}
182,Room No_182,Feature of interest_182,application/vnd.geo+json,0101000020E6100000BA490C022B7F52C0355EBA490C624440,{}
183,Room No_183,Feature of interest_183,application/vnd.geo+json,0101000020E6100000BA490C022B7F52C0355EBA490C624440,{}
184,Room No_184,Feature of interest_184,application/vnd.geo+json,0101000020E6100000BA490C022B7F52C0355EBA490C624440,{}
185,Room No_185,Feature of interest_185,application/vnd.geo+json,0101000020E6100000BA490C022B7F52C0355EBA490C624440,{}
186,Room No_186,Feature of interest_186,application/vnd.geo+json,0101000020E6100000BA490C022B7F52C0355EBA490C624440,{}
187,Room No_187,Feature of interest_187,application/vnd.geo+json,0101000020E6100000BA490C022B7F52C0355EBA490C624440,{}
188,Room No_188,Feature of interest_188,application/vnd.geo+json,0101000020E6100000BA490C022B7F52C0355EBA490C624440,{}
189,Room No_189,Feature of interest_189,application/vnd.geo+json,0101000020E6100000BA490C022B7F52C0355EBA490C624440,{}
190,Room No_190,Feature of interest_190,application/vnd.geo+json,0101000020E6100000BA490C022B7F52C0355EBA490C624440,{}
191,Room No_191,Feature of interest_191,application/vnd.geo+json,0101000020E6100000BA490C022B7F52C0355EBA490C624440,{}
192,Room No_192,Feature of interest_192,application/vnd.geo+json,0101000020E6100000BA490C022B7F52C0355EBA490C624440,{}
193,Room No_193,Feature of interest_193,application/vnd.geo+json,0101000020E6100000BA490C022B7F52C0355EBA490C624440,{}
194,Room No_194,Feature of interest_194,application/vnd.geo+json,0101000020E6100000BA490C022B7F52C0355EBA490C624440,{}
195,Room No_195,Feature of interest_195,application/vnd.geo+json,0101000020E6100000BA490C022B7F52C0355EBA490C624440,{}
196,Room No_196,Feature of interest_196,application/vnd.geo+json,0101000020E6100000BA490C022B7F52C0355EBA490C624440,{}
197,Room No_197,Feature of interest_197,application/vnd.geo+json,0101000020E6100000BA490C022B7F52C0355EBA490C624440,{}
198,Room No_198,Feature of interest_198,application/vnd.geo+json,0101000020E6100000BA490C022B7F52C0355EBA490C624440,{}
199,Room No_199,Feature of interest_199,application/vnd.geo+json,0101000020E6100000BA490C022B7F52C0355EBA490C624440,{}
200,Room No_200,Feature of interest_200,application/vnd.geo+json,0101000020E6100000BA490C022B7F52C0355EBA490C624440,{}
201,Room No_201,Feature of interest_201,application/vnd.geo+json,0101000020E6100000BA490C022B7F52C0355EBA490C624440,{}
202,Room No_202,Feature of interest_202,application/vnd.geo+json,0101000020E6100000BA490C022B7F52C0355EBA490C624440,{}
203,Room No_203,Feature of interest_203,application/vnd.geo+json,0101000020E6100000BA490C022B7F52C0355EBA490C624440,{}
204,Room No_204,Feature of interest_204,application/vnd.geo+json,0101000020E6100000BA490C022B7F52C0355EBA490C624440,{}
205,Room No_205,Feature of interest_205,application/vnd.geo+json,0101000020E6100000BA490C022B7F52C0355EBA490C624440,{}
206,Room No_206,Feature of interest_206,application/vnd.geo+json,0101000020E6100000BA490C022B7F52C0355EBA490C624440,{}
207,Room No_207,Feature of interest_207,application/vnd.geo+json,0101000020E6100000BA490C022B7F52C0355EBA490C624440,{}
208,Room No_208,Feature of interest_208,application/vnd.geo+json,0101000020E6100000BA490C022B7F52C0355EBA490C624440,{}
209,Room No_209,Feature of interest_209,application/vnd.geo+json,0101000020E6100000BA490C022B7F52C0355EBA490C624440,{}
210,Room No_210,Feature of interest_210,application/vnd.geo+json,0101000020E6100000BA490C022B7F52C0355EBA490C624440,{}
211,Room No_211,Feature of interest_211,application/vnd.geo+json,0101000020E6100000BA490C022B7F52C0355EBA490C624440,{}
212,Room No_212,Feature of interest_212,application/vnd.geo+json,0101000020E6100000BA490C022B7F52C0355EBA490C624440,{}
213,Room No_213,Feature of interest_213,application/vnd.geo+json,0101000020E6100000BA490C022B7F52C0355EBA490C624440,{}
214,Room No_214,Feature of interest_214,application/vnd.geo+json,0101000020E6100000BA490C022B7F52C0355EBA490C624440,{}
215,Room No_215,Feature of interest_215,application/vnd.geo+json,0101000020E6100000BA490C022B7F52C0355EBA490C624440,{}
216,Room No_216,Feature of interest_216,application/vnd.geo+json,0101000020E6100000BA490C022B7F52C0355EBA490C624440,{}
217,Room No_217,Feature of interest_217,application/vnd.geo+json,0101000020E6100000BA490C022B7F52C0355EBA490C624440,{}
218,Room No_218,Feature of interest_218,application/vnd.geo+json,0101000020E6100000BA490C022B7F52C0355EBA490C624440,{}
219,Room No_219,Feature of interest_219,application/vnd.geo+json,0101000020E6100000BA490C022B7F52C0355EBA490C624440,{}
220,Room No_220,Feature of interest_220,application/vnd.geo+json,0101000020E6100000BA490C022B7F52C0355EBA490C624440,{}
221,Room No_221,Feature of interest_221,application/vnd.geo+json,0101000020E6100000BA490C022B7F52C0355EBA490C624440,{}
222,Room No_222,Feature of interest_222,application/vnd.geo+json,0101000020E6100000BA490C022B7F52C0355EBA490C624440,{}
223,Room No_223,Feature of interest_223,application/vnd.geo+json,0101000020E6100000BA490C022B7F52C0355EBA490C624440,{}
224,Room No_224,Feature of interest_224,application/vnd.geo+json,0101000020E6100000BA490C022B7F52C0355EBA490C624440,{}
225,Room No_225,Feature of interest_225,application/vnd.geo+json,0101000020E6100000BA490C022B7F52C0355EBA490C624440,{}
226,Room No_226,Feature of interest_226,application/vnd.geo+json,0101000020E6100000BA490C022B7F52C0355EBA490C624440,{}
227,Room No_227,Feature of interest_227,application/vnd.geo+json,0101000020E6100000BA490C022B7F52C0355EBA490C624440,{}
228,Room No_228,Feature of interest_228,application/vnd.geo+json,0101000020E6100000BA490C022B7F52C0355EBA490C624440,{}
229,Room No_229,Feature of interest_229,application/vnd.geo+json,0101000020E6100000BA490C022B7F52C0355EBA490C624440,{}
230,Room No_230,Feature of interest_230,application/vnd.geo+json,0101000020E6100000BA490C022B7F52C0355EBA490C624440,{}
231,Room No_231,Feature of interest_231,application/vnd.geo+json,0101000020E6100000BA490C022B7F52C0355EBA490C624440,{}
232,Room No_232,Feature of interest_232,application/vnd.geo+json,0101000020E6100000BA490C022B7F52C0355EBA490C624440,{}
233,Room No_233,Feature of interest_233,application/vnd.geo+json,0101000020E6100000BA490C022B7F52C0355EBA490C624440,{}
234,Room No_234,Feature of interest_234,application/vnd.geo+json,0101000020E6100000BA490C022B7F52C0355EBA490C624440,{}
235,Room No_235,Feature of interest_235,application/vnd.geo+json,0101000020E6100000BA490C022B7F52C0355EBA490C624440,{}
236,Room No_236,Feature of interest_236,application/vnd.geo+json,0101000020E6100000BA490C022B7F52C0355EBA490C624440,{}
237,Room No_237,Feature of interest_237,application/vnd.geo+json,0101000020E6100000BA490C022B7F52C0355EBA490C624440,{}
238,Room No_238,Feature of interest_238,application/vnd.geo+json,0101000020E6100000BA490C022B7F52C0355EBA490C624440,{}
239,Room No_239,Feature of interest_239,application/vnd.geo+json,0101000020E6100000BA490C022B7F52C0355EBA490C624440,{}
240,Room No_240,Feature of interest_240,application/vnd.geo+json,0101000020E6100000BA490C022B7F52C0355EBA490C624440,{}
241,Room No_241,Feature of interest_241,application/vnd.geo+json,0101000020E6100000BA490C022B7F52C0355EBA490C624440,{}
242,Room No_242,Feature of interest_242,application/vnd.geo+json,0101000020E6100000BA490C022B7F52C0355EBA490C624440,{}
243,Room No_243,Feature of interest_243,application/vnd.geo+json,0101000020E6100000BA490C022B7F52C0355EBA490C624440,{}
244,Room No_244,Feature of interest_244,application/vnd.geo+json,0101000020E6100000BA490C022B7F52C0355EBA490C624440,{}
245,Room No_245,Feature of interest_245,application/vnd.geo+json,0101000020E6100000BA490C022B7F52C0355EBA490C624440,{}
246,Room No_246,Feature of interest_246,application/vnd.geo+json,0101000020E6100000BA490C022B7F52C0355EBA490C624440,{}
247,Room No_247,Feature of interest_247,application/vnd.geo+json,0101000020E6100000BA490C022B7F52C0355EBA490C624440,{}
248,Room No_248,Feature of interest_248,application/vnd.geo+json,0101000020E6100000BA490C022B7F52C0355EBA490C624440,{}
249,Room No_249,Feature of interest_249,application/vnd.geo+json,0101000020E6100000BA490C022B7F52C0355EBA490C624440,{}
250,Room No_250,Feature of interest_250,application/vnd.geo+json,0101000020E6100000BA490C022B7F52C0355EBA490C624440,{}
251,Room No_251,Feature of interest_251,application/vnd.geo+json,0101000020E6100000BA490C022B7F52C0355EBA490C624440,{}
252,Room No_252,Feature of interest_252,application/vnd.geo+json,0101000020E6100000BA490C022B7F52C0355EBA490C624440,{}
253,Room No_253,Feature of interest_253,application/vnd.geo+json,0101000020E6100000BA490C022B7F52C0355EBA490C624440,{}
254,Room No_254,Feature of interest_254,application/vnd.geo+json,0101000020E6100000BA490C022B7F52C0355EBA490C624440,{}
255,Room No_255,Feature of interest_255,application/vnd.geo+json,0101000020E6100000BA490C022B7F52C0355EBA490C624440,{}
256,Room No_256,Feature of interest_256,application/vnd.geo+json,0101000020E6100000BA490C022B7F52C0355EBA490C624440,{}
257,Room No_257,Feature of interest_257,application/vnd.geo+json,0101000020E6100000BA490C022B7F52C0355EBA490C624440,{}
258,Room No_258,Feature of interest_258,application/vnd.geo+json,0101000020E6100000BA490C022B7F52C0355EBA490C624440,{}
259,Room No_259,Feature of interest_259,application/vnd.geo+json,0101000020E6100000BA490C022B7F52C0355EBA490C624440,{}
260,Room No_260,Feature of interest_260,application/vnd.geo+json,0101000020E6100000BA490C022B7F52C0355EBA490C624440,{}
261,Room No_261,Feature of interest_261,application/vnd.geo+json,0101000020E6100000BA490C022B7F52C0355EBA490C624440,{}
262,Room No_262,Feature of interest_262,application/vnd.geo+json,0101000020E6100000BA490C022B7F52C0355EBA490C624440,{}
263,Room No_263,Feature of interest_263,application/vnd.geo+json,0101000020E6100000BA490C022B7F52C0355EBA490C624440,{}
264,Room No_264,Feature of interest_264,application/vnd.geo+json,0101000020E6100000BA490C022B7F52C0355EBA490C624440,{}
265,Room No_265,Feature of interest_265,application/vnd.geo+json,0101000020E6100000BA490C022B7F52C0355EBA490C624440,{}
266,Room No_266,Feature of interest_266,application/vnd.geo+json,0101000020E6100000BA490C022B7F52C0355EBA490C624440,{}
267,Room No_267,Feature of interest_267,application/vnd.geo+json,0101000020E6100000BA490C022B7F52C0355EBA490C624440,{}
268,Room No_268,Feature of interest_268,application/vnd.geo+json,0101000020E6100000BA490C022B7F52C0355EBA490C624440,{}
269,Room No_269,Feature of interest_269,application/vnd.geo+json,0101000020E6100000BA490C022B7F52C0355EBA490C624440,{}
270,Room No_270,Feature of interest_270,application/vnd.geo+json,0101000020E6100000BA490C022B7F52C0355EBA490C624440,{}
271,Room No_271,Feature of interest_271,application/vnd.geo+json,0101000020E6100000BA490C022B7F52C0355EBA490C624440,{}
272,Room No_272,Feature of interest_272,application/vnd.geo+json,0101000020E6100000BA490C022B7F52C0355EBA490C624440,{}
273,Room No_273,Feature of interest_273,application/vnd.geo+json,0101000020E6100000BA490C022B7F52C0355EBA490C624440,{}
274,Room No_274,Feature of interest_274,application/vnd.geo+json,0101000020E6100000BA490C022B7F52C0355EBA490C624440,{}
275,Room No_275,Feature of interest_275,application/vnd.geo+json,0101000020E6100000BA490C022B7F52C0355EBA490C624440,{}
276,Room No_276,Feature of interest_276,application/vnd.geo+json,0101000020E6100000BA490C022B7F52C0355EBA490C624440,{}
277,Room No_277,Feature of interest_277,application/vnd.geo+json,0101000020E6100000BA490C022B7F52C0355EBA490C624440,{}
278,Room No_278,Feature of interest_278,application/vnd.geo+json,0101000020E6100000BA490C022B7F52C0355EBA490C624440,{}
279,Room No_279,Feature of interest_279,application/vnd.geo+json,0101000020E6100000BA490C022B7F52C0355EBA490C624440,{}
280,Room No_280,Feature of interest_280,application/vnd.geo+json,0101000020E6100000BA490C022B7F52C0355EBA490C624440,{}
281,Room No_281,Feature of interest_281,application/vnd.geo+json,0101000020E6100000BA490C022B7F52C0355EBA490C624440,{}
282,Room No_282,Feature of interest_282,application/vnd.geo+json,0101000020E6100000BA490C022B7F52C0355EBA490C624440,{}
283,Room No_283,Feature of interest_283,application/vnd.geo+json,0101000020E6100000BA490C022B7F52C0355EBA490C624440,{}
284,Room No_284,Feature of interest_284,application/vnd.geo+json,0101000020E6100000BA490C022B7F52C0355EBA490C624440,{}
285,Room No_285,Feature of interest_285,application/vnd.geo+json,0101000020E6100000BA490C022B7F52C0355EBA490C624440,{}
286,Room No_286,Feature of interest_286,application/vnd.geo+json,0101000020E6100000BA490C022B7F52C0355EBA490C624440,{}
287,Room No_287,Feature of interest_287,application/vnd.geo+json,0101000020E6100000BA490C022B7F52C0355EBA490C624440,{}
288,Room No_288,Feature of interest_288,application/vnd.geo+json,0101000020E6100000BA490C022B7F52C0355EBA490C624440,{}
289,Room No_289,Feature of interest_289,application/vnd.geo+json,0101000020E6100000BA490C022B7F52C0355EBA490C624440,{}
290,Room No_290,Feature of interest_290,application/vnd.geo+json,0101000020E6100000BA490C022B7F52C0355EBA490C624440,{}
291,Room No_291,Feature of interest_291,application/vnd.geo+json,0101000020E6100000BA490C022B7F52C0355EBA490C624440,{}
292,Room No_292,Feature of interest_292,application/vnd.geo+json,0101000020E6100000BA490C022B7F52C0355EBA490C624440,{}
293,Room No_293,Feature of interest_293,application/vnd.geo+json,0101000020E6100000BA490C022B7F52C0355EBA490C624440,{}
294,Room No_294,Feature of interest_294,application/vnd.geo+json,0101000020E6100000BA490C022B7F52C0355EBA490C624440,{}
295,Room No_295,Feature of interest_295,application/vnd.geo+json,0101000020E6100000BA490C022B7F52C0355EBA490C624440,{}
296,Room No_296,Feature of interest_296,application/vnd.geo+json,0101000020E6100000BA490C022B7F52C0355EBA490C624440,{}
297,Room No_297,Feature of interest_297,application/vnd.geo+json,0101000020E6100000BA490C022B7F52C0355EBA490C624440,{}
298,Room No_298,Feature of interest_298,application/vnd.geo+json,0101000020E6100000BA490C022B7F52C0355EBA490C624440,{}
299,Room No_299,Feature of interest_299,application/vnd.geo+json,0101000020E6100000BA490C022B7F52C0355EBA490C624440,{}
300,Room No_300,Feature of interest_300,application/vnd.geo+json,0101000020E6100000BA490C022B7F52C0355EBA490C624440,{}
301,Room No_301,Feature of interest_301,application/vnd.geo+json,0101000020E6100000BA490C022B7F52C0355EBA490C624440,{}
302,Room No_302,Feature of interest_302,application/vnd.geo+json,0101000020E6100000BA490C022B7F52C0355EBA490C624440,{}
303,Room No_303,Feature of interest_303,application/vnd.geo+json,0101000020E6100000BA490C022B7F52C0355EBA490C624440,{}
304,Room No_304,Feature of interest_304,application/vnd.geo+json,0101000020E6100000BA490C022B7F52C0355EBA490C624440,{}
305,Room No_305,Feature of interest_305,application/vnd.geo+json,0101000020E6100000BA490C022B7F52C0355EBA490C624440,{}
306,Room No_306,Feature of interest_306,application/vnd.geo+json,0101000020E6100000BA490C022B7F52C0355EBA490C624440,{}
307,Room No_307,Feature of interest_307,application/vnd.geo+json,0101000020E6100000BA490C022B7F52C0355EBA490C624440,{}
308,Room No_308,Feature of interest_308,application/vnd.geo+json,0101000020E6100000BA490C022B7F52C0355EBA490C624440,{}
309,Room No_309,Feature of interest_309,application/vnd.geo+json,0101000020E6100000BA490C022B7F52C0355EBA490C624440,{}
310,Room No_310,Feature of interest_310,application/vnd.geo+json,0101000020E6100000BA490C022B7F52C0355EBA490C624440,{}
311,Room No_311,Feature of interest_311,application/vnd.geo+json,0101000020E6100000BA490C022B7F52C0355EBA490C624440,{}
312,Room No_312,Feature of interest_312,application/vnd.geo+json,0101000020E6100000BA490C022B7F52C0355EBA490C624440,{}
313,Room No_313,Feature of interest_313,application/vnd.geo+json,0101000020E6100000BA490C022B7F52C0355EBA490C624440,{}
314,Room No_314,Feature of interest_314,application/vnd.geo+json,0101000020E6100000BA490C022B7F52C0355EBA490C624440,{}
315,Room No_315,Feature of interest_315,application/vnd.geo+json,0101000020E6100000BA490C022B7F52C0355EBA490C624440,{}
316,Room No_316,Feature of interest_316,application/vnd.geo+json,0101000020E6100000BA490C022B7F52C0355EBA490C624440,{}
317,Room No_317,Feature of interest_317,application/vnd.geo+json,0101000020E6100000BA490C022B7F52C0355EBA490C624440,{}
318,Room No_318,Feature of interest_318,application/vnd.geo+json,0101000020E6100000BA490C022B7F52C0355EBA490C624440,{}
319,Room No_319,Feature of interest_319,application/vnd.geo+json,0101000020E6100000BA490C022B7F52C0355EBA490C624440,{}
320,Room No_320,Feature of interest_320,application/vnd.geo+json,0101000020E6100000BA490C022B7F52C0355EBA490C624440,{}
321,Room No_321,Feature of interest_321,application/vnd.geo+json,0101000020E6100000BA490C022B7F52C0355EBA490C624440,{}
322,Room No_322,Feature of interest_322,application/vnd.geo+json,0101000020E6100000BA490C022B7F52C0355EBA490C624440,{}
323,Room No_323,Feature of interest_323,application/vnd.geo+json,0101000020E6100000BA490C022B7F52C0355EBA490C624440,{}
324,Room No_324,Feature of interest_324,application/vnd.geo+json,0101000020E6100000BA490C022B7F52C0355EBA490C624440,{}
325,Room No_325,Feature of interest_325,application/vnd.geo+json,0101000020E6100000BA490C022B7F52C0355EBA490C624440,{}
326,Room No_326,Feature of interest_326,application/vnd.geo+json,0101000020E6100000BA490C022B7F52C0355EBA490C624440,{}
327,Room No_327,Feature of interest_327,application/vnd.geo+json,0101000020E6100000BA490C022B7F52C0355EBA490C624440,{}
328,Room No_328,Feature of interest_328,application/vnd.geo+json,0101000020E6100000BA490C022B7F52C0355EBA490C624440,{}
329,Room No_329,Feature of interest_329,application/vnd.geo+json,0101000020E6100000BA490C022B7F52C0355EBA490C624440,{}
330,Room No_330,Feature of interest_330,application/vnd.geo+json,0101000020E6100000BA490C022B7F52C0355EBA490C624440,{}
331,Room No_331,Feature of interest_331,application/vnd.geo+json,0101000020E6100000BA490C022B7F52C0355EBA490C624440,{}
332,Room No_332,Feature of interest_332,application/vnd.geo+json,0101000020E6100000BA490C022B7F52C0355EBA490C624440,{}
333,Room No_333,Feature of interest_333,application/vnd.geo+json,0101000020E6100000BA490C022B7F52C0355EBA490C624440,{}
334,Room No_334,Feature of interest_334,application/vnd.geo+json,0101000020E6100000BA490C022B7F52C0355EBA490C624440,{}
335,Room No_335,Feature of interest_335,application/vnd.geo+json,0101000020E6100000BA490C022B7F52C0355EBA490C624440,{}
336,Room No_336,Feature of interest_336,application/vnd.geo+json,0101000020E6100000BA490C022B7F52C0355EBA490C624440,{}
337,Room No_337,Feature of interest_337,application/vnd.geo+json,0101000020E6100000BA490C022B7F52C0355EBA490C624440,{}
338,Room No_338,Feature of interest_338,application/vnd.geo+json,0101000020E6100000BA490C022B7F52C0355EBA490C624440,{}
339,Room No_339,Feature of interest_339,application/vnd.geo+json,0101000020E6100000BA490C022B7F52C0355EBA490C624440,{}
340,Room No_340,Feature of interest_340,application/vnd.geo+json,0101000020E6100000BA490C022B7F52C0355EBA490C624440,{}
341,Room No_341,Feature of interest_341,application/vnd.geo+json,0101000020E6100000BA490C022B7F52C0355EBA490C624440,{}
342,Room No_342,Feature of interest_342,application/vnd.geo+json,0101000020E6100000BA490C022B7F52C0355EBA490C624440,{}
343,Room No_343,Feature of interest_343,application/vnd.geo+json,0101000020E6100000BA490C022B7F52C0355EBA490C624440,{}
344,Room No_344,Feature of interest_344,application/vnd.geo+json,0101000020E6100000BA490C022B7F52C0355EBA490C624440,{}
345,Room No_345,Feature of interest_345,application/vnd.geo+json,0101000020E6100000BA490C022B7F52C0355EBA490C624440,{}
346,Room No_346,Feature of interest_346,application/vnd.geo+json,0101000020E6100000BA490C022B7F52C0355EBA490C624440,{}
347,Room No_347,Feature of interest_347,application/vnd.geo+json,0101000020E6100000BA490C022B7F52C0355EBA490C624440,{}
348,Room No_348,Feature of interest_348,application/vnd.geo+json,0101000020E6100000BA490C022B7F52C0355EBA490C624440,{}
349,Room No_349,Feature of interest_349,application/vnd.geo+json,0101000020E6100000BA490C022B7F52C0355EBA490C624440,{}
350,Room No_350,Feature of interest_350,application/vnd.geo+json,0101000020E6100000BA490C022B7F52C0355EBA490C624440,{}
351,Room No_351,Feature of interest_351,application/vnd.geo+json,0101000020E6100000BA490C022B7F52C0355EBA490C624440,{}
352,Room No_352,Feature of interest_352,application/vnd.geo+json,0101000020E6100000BA490C022B7F52C0355EBA490C624440,{}
353,Room No_353,Feature of interest_353,application/vnd.geo+json,0101000020E6100000BA490C022B7F52C0355EBA490C624440,{}
354,Room No_354,Feature of interest_354,application/vnd.geo+json,0101000020E6100000BA490C022B7F52C0355EBA490C624440,{}
355,Room No_355,Feature of interest_355,application/vnd.geo+json,0101000020E6100000BA490C022B7F52C0355EBA490C624440,{}
356,Room No_356,Feature of interest_356,application/vnd.geo+json,0101000020E6100000BA490C022B7F52C0355EBA490C624440,{}
357,Room No_357,Feature of interest_357,application/vnd.geo+json,0101000020E6100000BA490C022B7F52C0355EBA490C624440,{}
358,Room No_358,Feature of interest_358,application/vnd.geo+json,0101000020E6100000BA490C022B7F52C0355EBA490C624440,{}
359,Room No_359,Feature of interest_359,application/vnd.geo+json,0101000020E6100000BA490C022B7F52C0355EBA490C624440,{}
360,Room No_360,Feature of interest_360,application/vnd.geo+json,0101000020E6100000BA490C022B7F52C0355EBA490C624440,{}
361,Room No_361,Feature of interest_361,application/vnd.geo+json,0101000020E6100000BA490C022B7F52C0355EBA490C624440,{}
362,Room No_362,Feature of interest_362,application/vnd.geo+json,0101000020E6100000BA490C022B7F52C0355EBA490C624440,{}
363,Room No_363,Feature of interest_363,application/vnd.geo+json,0101000020E6100000BA490C022B7F52C0355EBA490C624440,{}
364,Room No_364,Feature of interest_364,application/vnd.geo+json,0101000020E6100000BA490C022B7F52C0355EBA490C624440,{}
365,Room No_365,Feature of interest_365,application/vnd.geo+json,0101000020E6100000BA490C022B7F52C0355EBA490C624440,{}
366,Room No_366,Feature of interest_366,application/vnd.geo+json,0101000020E6100000BA490C022B7F52C0355EBA490C624440,{}
367,Room No_367,Feature of interest_367,application/vnd.geo+json,0101000020E6100000BA490C022B7F52C0355EBA490C624440,{}
368,Room No_368,Feature of interest_368,application/vnd.geo+json,0101000020E6100000BA490C022B7F52C0355EBA490C624440,{}
369,Room No_369,Feature of interest_369,application/vnd.geo+json,0101000020E6100000BA490C022B7F52C0355EBA490C624440,{}
370,Room No_370,Feature of interest_370,application/vnd.geo+json,0101000020E6100000BA490C022B7F52C0355EBA490C624440,{}
371,Room No_371,Feature of interest_371,application/vnd.geo+json,0101000020E6100000BA490C022B7F52C0355EBA490C624440,{}
372,Room No_372,Feature of interest_372,application/vnd.geo+json,0101000020E6100000BA490C022B7F52C0355EBA490C624440,{}
373,Room No_373,Feature of interest_373,application/vnd.geo+json,0101000020E6100000BA490C022B7F52C0355EBA490C624440,{}
374,Room No_374,Feature of interest_374,application/vnd.geo+json,0101000020E6100000BA490C022B7F52C0355EBA490C624440,{}
375,Room No_375,Feature of interest_375,application/vnd.geo+json,0101000020E6100000BA490C022B7F52C0355EBA490C624440,{}
376,Room No_376,Feature of interest_376,application/vnd.geo+json,0101000020E6100000BA490C022B7F52C0355EBA490C624440,{}
377,Room No_377,Feature of interest_377,application/vnd.geo+json,0101000020E6100000BA490C022B7F52C0355EBA490C624440,{}
378,Room No_378,Feature of interest_378,application/vnd.geo+json,0101000020E6100000BA490C022B7F52C0355EBA490C624440,{}
379,Room No_379,Feature of interest_379,application/vnd.geo+json,0101000020E6100000BA490C022B7F52C0355EBA490C624440,{}
380,Room No_380,Feature of interest_380,application/vnd.geo+json,0101000020E6100000BA490C022B7F52C0355EBA490C624440,{}
381,Room No_381,Feature of interest_381,application/vnd.geo+json,0101000020E6100000BA490C022B7F52C0355EBA490C624440,{}
382,Room No_382,Feature of interest_382,application/vnd.geo+json,0101000020E6100000BA490C022B7F52C0355EBA490C624440,{}
383,Room No_383,Feature of interest_383,application/vnd.geo+json,0101000020E6100000BA490C022B7F52C0355EBA490C624440,{}
384,Room No_384,Feature of interest_384,application/vnd.geo+json,0101000020E6100000BA490C022B7F52C0355EBA490C624440,{}
385,Room No_385,Feature of interest_385,application/vnd.geo+json,0101000020E6100000BA490C022B7F52C0355EBA490C624440,{}
386,Room No_386,Feature of interest_386,application/vnd.geo+json,0101000020E6100000BA490C022B7F52C0355EBA490C624440,{}
387,Room No_387,Feature of interest_387,application/vnd.geo+json,0101000020E6100000BA490C022B7F52C0355EBA490C624440,{}
388,Room No_388,Feature of interest_388,application/vnd.geo+json,0101000020E6100000BA490C022B7F52C0355EBA490C624440,{}
389,Room No_389,Feature of interest_389,application/vnd.geo+json,0101000020E6100000BA490C022B7F52C0355EBA490C624440,{}
390,Room No_390,Feature of interest_390,application/vnd.geo+json,0101000020E6100000BA490C022B7F52C0355EBA490C624440,{}
391,Room No_391,Feature of interest_391,application/vnd.geo+json,0101000020E6100000BA490C022B7F52C0355EBA490C624440,{}
392,Room No_392,Feature of interest_392,application/vnd.geo+json,0101000020E6100000BA490C022B7F52C0355EBA490C624440,{}
393,Room No_393,Feature of interest_393,application/vnd.geo+json,0101000020E6100000BA490C022B7F52C0355EBA490C624440,{}
394,Room No_394,Feature of interest_394,application/vnd.geo+json,0101000020E6100000BA490C022B7F52C0355EBA490C624440,{}
395,Room No_395,Feature of interest_395,application/vnd.geo+json,0101000020E6100000BA490C022B7F52C0355EBA490C624440,{}
396,Room No_396,Feature of interest_396,application/vnd.geo+json,0101000020E6100000BA490C022B7F52C0355EBA490C624440,{}
397,Room No_397,Feature of interest_397,application/vnd.geo+json,0101000020E6100000BA490C022B7F52C0355EBA490C624440,{}
398,Room No_398,Feature of interest_398,application/vnd.geo+json,0101000020E6100000BA490C022B7F52C0355EBA490C624440,{}
399,Room No_399,Feature of interest_399,application/vnd.geo+json,0101000020E6100000BA490C022B7F52C0355EBA490C624440,{}
400,Room No_400,Feature of interest_400,application/vnd.geo+json,0101000020E6100000BA490C022B7F52C0355EBA490C624440,{}
401,Room No_401,Feature of interest_401,application/vnd.geo+json,0101000020E6100000BA490C022B7F52C0355EBA490C624440,{}
402,Room No_402,Feature of interest_402,application/vnd.geo+json,0101000020E6100000BA490C022B7F52C0355EBA490C624440,{}
403,Room No_403,Feature of interest_403,application/vnd.geo+json,0101000020E6100000BA490C022B7F52C0355EBA490C624440,{}
404,Room No_404,Feature of interest_404,application/vnd.geo+json,0101000020E6100000BA490C022B7F52C0355EBA490C624440,{}
405,Room No_405,Feature of interest_405,application/vnd.geo+json,0101000020E6100000BA490C022B7F52C0355EBA490C624440,{}
406,Room No_406,Feature of interest_406,application/vnd.geo+json,0101000020E6100000BA490C022B7F52C0355EBA490C624440,{}
407,Room No_407,Feature of interest_407,application/vnd.geo+json,0101000020E6100000BA490C022B7F52C0355EBA490C624440,{}
408,Room No_408,Feature of interest_408,application/vnd.geo+json,0101000020E6100000BA490C022B7F52C0355EBA490C624440,{}
409,Room No_409,Feature of interest_409,application/vnd.geo+json,0101000020E6100000BA490C022B7F52C0355EBA490C624440,{}
410,Room No_410,Feature of interest_410,application/vnd.geo+json,0101000020E6100000BA490C022B7F52C0355EBA490C624440,{}
411,Room No_411,Feature of interest_411,application/vnd.geo+json,0101000020E6100000BA490C022B7F52C0355EBA490C624440,{}
412,Room No_412,Feature of interest_412,application/vnd.geo+json,0101000020E6100000BA490C022B7F52C0355EBA490C624440,{}
413,Room No_413,Feature of interest_413,application/vnd.geo+json,0101000020E6100000BA490C022B7F52C0355EBA490C624440,{}
414,Room No_414,Feature of interest_414,application/vnd.geo+json,0101000020E6100000BA490C022B7F52C0355EBA490C624440,{}
415,Room No_415,Feature of interest_415,application/vnd.geo+json,0101000020E6100000BA490C022B7F52C0355EBA490C624440,{}
416,Room No_416,Feature of interest_416,application/vnd.geo+json,0101000020E6100000BA490C022B7F52C0355EBA490C624440,{}
417,Room No_417,Feature of interest_417,application/vnd.geo+json,0101000020E6100000BA490C022B7F52C0355EBA490C624440,{}
418,Room No_418,Feature of interest_418,application/vnd.geo+json,0101000020E6100000BA490C022B7F52C0355EBA490C624440,{}
419,Room No_419,Feature of interest_419,application/vnd.geo+json,0101000020E6100000BA490C022B7F52C0355EBA490C624440,{}
420,Room No_420,Feature of interest_420,application/vnd.geo+json,0101000020E6100000BA490C022B7F52C0355EBA490C624440,{}
421,Room No_421,Feature of interest_421,application/vnd.geo+json,0101000020E6100000BA490C022B7F52C0355EBA490C624440,{}
422,Room No_422,Feature of interest_422,application/vnd.geo+json,0101000020E6100000BA490C022B7F52C0355EBA490C624440,{}
423,Room No_423,Feature of interest_423,application/vnd.geo+json,0101000020E6100000BA490C022B7F52C0355EBA490C624440,{}
424,Room No_424,Feature of interest_424,application/vnd.geo+json,0101000020E6100000BA490C022B7F52C0355EBA490C624440,{}
425,Room No_425,Feature of interest_425,application/vnd.geo+json,0101000020E6100000BA490C022B7F52C0355EBA490C624440,{}
426,Room No_426,Feature of interest_426,application/vnd.geo+json,0101000020E6100000BA490C022B7F52C0355EBA490C624440,{}
427,Room No_427,Feature of interest_427,application/vnd.geo+json,0101000020E6100000BA490C022B7F52C0355EBA490C624440,{}
428,Room No_428,Feature of interest_428,application/vnd.geo+json,0101000020E6100000BA490C022B7F52C0355EBA490C624440,{}
429,Room No_429,Feature of interest_429,application/vnd.geo+json,0101000020E6100000BA490C022B7F52C0355EBA490C624440,{}
430,Room No_430,Feature of interest_430,application/vnd.geo+json,0101000020E6100000BA490C022B7F52C0355EBA490C624440,{}
431,Room No_431,Feature of interest_431,application/vnd.geo+json,0101000020E6100000BA490C022B7F52C0355EBA490C624440,{}
432,Room No_432,Feature of interest_432,application/vnd.geo+json,0101000020E6100000BA490C022B7F52C0355EBA490C624440,{}
433,Room No_433,Feature of interest_433,application/vnd.geo+json,0101000020E6100000BA490C022B7F52C0355EBA490C624440,{}
434,Room No_434,Feature of interest_434,application/vnd.geo+json,0101000020E6100000BA490C022B7F52C0355EBA490C624440,{}
435,Room No_435,Feature of interest_435,application/vnd.geo+json,0101000020E6100000BA490C022B7F52C0355EBA490C624440,{}
436,Room No_436,Feature of interest_436,application/vnd.geo+json,0101000020E6100000BA490C022B7F52C0355EBA490C624440,{}
437,Room No_437,Feature of interest_437,application/vnd.geo+json,0101000020E6100000BA490C022B7F52C0355EBA490C624440,{}
438,Room No_438,Feature of interest_438,application/vnd.geo+json,0101000020E6100000BA490C022B7F52C0355EBA490C624440,{}
439,Room No_439,Feature of interest_439,application/vnd.geo+json,0101000020E6100000BA490C022B7F52C0355EBA490C624440,{}
440,Room No_440,Feature of interest_440,application/vnd.geo+json,0101000020E6100000BA490C022B7F52C0355EBA490C624440,{}
441,Room No_441,Feature of interest_441,application/vnd.geo+json,0101000020E6100000BA490C022B7F52C0355EBA490C624440,{}
442,Room No_442,Feature of interest_442,application/vnd.geo+json,0101000020E6100000BA490C022B7F52C0355EBA490C624440,{}
443,Room No_443,Feature of interest_443,application/vnd.geo+json,0101000020E6100000BA490C022B7F52C0355EBA490C624440,{}
444,Room No_444,Feature of interest_444,application/vnd.geo+json,0101000020E6100000BA490C022B7F52C0355EBA490C624440,{}
445,Room No_445,Feature of interest_445,application/vnd.geo+json,0101000020E6100000BA490C022B7F52C0355EBA490C624440,{}
446,Room No_446,Feature of interest_446,application/vnd.geo+json,0101000020E6100000BA490C022B7F52C0355EBA490C624440,{}
447,Room No_447,Feature of interest_447,application/vnd.geo+json,0101000020E6100000BA490C022B7F52C0355EBA490C624440,{}
448,Room No_448,Feature of interest_448,application/vnd.geo+json,0101000020E6100000BA490C022B7F52C0355EBA490C624440,{}
449,Room No_449,Feature of interest_449,application/vnd.geo+json,0101000020E6100000BA490C022B7F52C0355EBA490C624440,{}
450,Room No_450,Feature of interest_450,application/vnd.geo+json,0101000020E6100000BA490C022B7F52C0355EBA490C624440,{}
451,Room No_451,Feature of interest_451,application/vnd.geo+json,0101000020E6100000BA490C022B7F52C0355EBA490C624440,{}
452,Room No_452,Feature of interest_452,application/vnd.geo+json,0101000020E6100000BA490C022B7F52C0355EBA490C624440,{}
453,Room No_453,Feature of interest_453,application/vnd.geo+json,0101000020E6100000BA490C022B7F52C0355EBA490C624440,{}
454,Room No_454,Feature of interest_454,application/vnd.geo+json,0101000020E6100000BA490C022B7F52C0355EBA490C624440,{}
455,Room No_455,Feature of interest_455,application/vnd.geo+json,0101000020E6100000BA490C022B7F52C0355EBA490C624440,{}
456,Room No_456,Feature of interest_456,application/vnd.geo+json,0101000020E6100000BA490C022B7F52C0355EBA490C624440,{}
457,Room No_457,Feature of interest_457,application/vnd.geo+json,0101000020E6100000BA490C022B7F52C0355EBA490C624440,{}
458,Room No_458,Feature of interest_458,application/vnd.geo+json,0101000020E6100000BA490C022B7F52C0355EBA490C624440,{}
459,Room No_459,Feature of interest_459,application/vnd.geo+json,0101000020E6100000BA490C022B7F52C0355EBA490C624440,{}
460,Room No_460,Feature of interest_460,application/vnd.geo+json,0101000020E6100000BA490C022B7F52C0355EBA490C624440,{}
461,Room No_461,Feature of interest_461,application/vnd.geo+json,0101000020E6100000BA490C022B7F52C0355EBA490C624440,{}
462,Room No_462,Feature of interest_462,application/vnd.geo+json,0101000020E6100000BA490C022B7F52C0355EBA490C624440,{}
463,Room No_463,Feature of interest_463,application/vnd.geo+json,0101000020E6100000BA490C022B7F52C0355EBA490C624440,{}
464,Room No_464,Feature of interest_464,application/vnd.geo+json,0101000020E6100000BA490C022B7F52C0355EBA490C624440,{}
465,Room No_465,Feature of interest_465,application/vnd.geo+json,0101000020E6100000BA490C022B7F52C0355EBA490C624440,{}
466,Room No_466,Feature of interest_466,application/vnd.geo+json,0101000020E6100000BA490C022B7F52C0355EBA490C624440,{}
467,Room No_467,Feature of interest_467,application/vnd.geo+json,0101000020E6100000BA490C022B7F52C0355EBA490C624440,{}
468,Room No_468,Feature of interest_468,application/vnd.geo+json,0101000020E6100000BA490C022B7F52C0355EBA490C624440,{}
469,Room No_469,Feature of interest_469,application/vnd.geo+json,0101000020E6100000BA490C022B7F52C0355EBA490C624440,{}
470,Room No_470,Feature of interest_470,application/vnd.geo+json,0101000020E6100000BA490C022B7F52C0355EBA490C624440,{}
471,Room No_471,Feature of interest_471,application/vnd.geo+json,0101000020E6100000BA490C022B7F52C0355EBA490C624440,{}
472,Room No_472,Feature of interest_472,application/vnd.geo+json,0101000020E6100000BA490C022B7F52C0355EBA490C624440,{}
473,Room No_473,Feature of interest_473,application/vnd.geo+json,0101000020E6100000BA490C022B7F52C0355EBA490C624440,{}
474,Room No_474,Feature of interest_474,application/vnd.geo+json,0101000020E6100000BA490C022B7F52C0355EBA490C624440,{}
475,Room No_475,Feature of interest_475,application/vnd.geo+json,0101000020E6100000BA490C022B7F52C0355EBA490C624440,{}
476,Room No_476,Feature of interest_476,application/vnd.geo+json,0101000020E6100000BA490C022B7F52C0355EBA490C624440,{}
477,Room No_477,Feature of interest_477,application/vnd.geo+json,0101000020E6100000BA490C022B7F52C0355EBA490C624440,{}
478,Room No_478,Feature of interest_478,application/vnd.geo+json,0101000020E6100000BA490C022B7F52C0355EBA490C624440,{}
479,Room No_479,Feature of interest_479,application/vnd.geo+json,0101000020E6100000BA490C022B7F52C0355EBA490C624440,{}
480,Room No_480,Feature of interest_480,application/vnd.geo+json,0101000020E6100000BA490C022B7F52C0355EBA490C624440,{}
481,Room No_481,Feature of interest_481,application/vnd.geo+json,0101000020E6100000BA490C022B7F52C0355EBA490C624440,{}
482,Room No_482,Feature of interest_482,application/vnd.geo+json,0101000020E6100000BA490C022B7F52C0355EBA490C624440,{}
483,Room No_483,Feature of interest_483,application/vnd.geo+json,0101000020E6100000BA490C022B7F52C0355EBA490C624440,{}
484,Room No_484,Feature of interest_484,application/vnd.geo+json,0101000020E6100000BA490C022B7F52C0355EBA490C624440,{}
485,Room No_485,Feature of interest_485,application/vnd.geo+json,0101000020E6100000BA490C022B7F52C0355EBA490C624440,{}
486,Room No_486,Feature of interest_486,application/vnd.geo+json,0101000020E6100000BA490C022B7F52C0355EBA490C624440,{}
487,Room No_487,Feature of interest_487,application/vnd.geo+json,0101000020E6100000BA490C022B7F52C0355EBA490C624440,{}
488,Room No_488,Feature of interest_488,application/vnd.geo+json,0101000020E6100000BA490C022B7F52C0355EBA490C624440,{}
489,Room No_489,Feature of interest_489,application/vnd.geo+json,0101000020E6100000BA490C022B7F52C0355EBA490C624440,{}
490,Room No_490,Feature of interest_490,application/vnd.geo+json,0101000020E6100000BA490C022B7F52C0355EBA490C624440,{}
491,Room No_491,Feature of interest_491,application/vnd.geo+json,0101000020E6100000BA490C022B7F52C0355EBA490C624440,{}
492,Room No_492,Feature of interest_492,application/vnd.geo+json,0101000020E6100000BA490C022B7F52C0355EBA490C624440,{}
493,Room No_493,Feature of interest_493,application/vnd.geo+json,0101000020E6100000BA490C022B7F52C0355EBA490C624440,{}
494,Room No_494,Feature of interest_494,application/vnd.geo+json,0101000020E6100000BA490C022B7F52C0355EBA490C624440,{}
495,Room No_495,Feature of interest_495,application/vnd.geo+json,0101000020E6100000BA490C022B7F52C0355EBA490C624440,{}
496,Room No_496,Feature of interest_496,application/vnd.geo+json,0101000020E6100000BA490C022B7F52C0355EBA490C624440,{}
497,Room No_497,Feature of interest_497,application/vnd.geo+json,0101000020E6100000BA490C022B7F52C0355EBA490C624440,{}
498,Room No_498,Feature of interest_498,application/vnd.geo+json,0101000020E6100000BA490C022B7F52C0355EBA490C624440,{}
499,Room No_499,Feature of interest_499,application/vnd.geo+json,0101000020E6100000BA490C022B7F52C0355EBA490C624440,{}
500,Room No_500,Feature of interest_500,application/vnd.geo+json,0101000020E6100000BA490C022B7F52C0355EBA490C624440,{}
501,Room No_501,Feature of interest_501,application/vnd.geo+json,0101000020E6100000BA490C022B7F52C0355EBA490C624440,{}
