id,name,description,encodingType,location,properties
2,Room No 2,A sensor that measures the Room No 2 in a room,application/vnd.geo+json,0101000020E6100000BA490C022B7F52C0355EBA490C624440,{}
3,Room No 3,A sensor that measures the Room No 3 in a room,application/vnd.geo+json,0101000020E6100000BA490C022B7F52C0355EBA490C624440,{}
4,Room No 4,A sensor that measures the Room No 4 in a room,application/vnd.geo+json,0101000020E6100000BA490C022B7F52C0355EBA490C624440,{}
5,Room No 5,A sensor that measures the Room No 5 in a room,application/vnd.geo+json,0101000020E6100000BA490C022B7F52C0355EBA490C624440,{}
6,Room No 6,A sensor that measures the Room No 6 in a room,application/vnd.geo+json,0101000020E6100000BA490C022B7F52C0355EBA490C624440,{}
7,Room No 7,A sensor that measures the Room No 7 in a room,application/vnd.geo+json,0101000020E6100000BA490C022B7F52C0355EBA490C624440,{}
8,Room No 8,A sensor that measures the Room No 8 in a room,application/vnd.geo+json,0101000020E6100000BA490C022B7F52C0355EBA490C624440,{}
9,Room No 9,A sensor that measures the Room No 9 in a room,application/vnd.geo+json,0101000020E6100000BA490C022B7F52C0355EBA490C624440,{}
10,Room No 10,A sensor that measures the Room No 10 in a room,application/vnd.geo+json,0101000020E6100000BA490C022B7F52C0355EBA490C624440,{}
11,Room No 11,A sensor that measures the Room No 11 in a room,application/vnd.geo+json,0101000020E6100000BA490C022B7F52C0355EBA490C624440,{}
12,Room No 12,A sensor that measures the Room No 12 in a room,application/vnd.geo+json,0101000020E6100000BA490C022B7F52C0355EBA490C624440,{}
13,Room No 13,A sensor that measures the Room No 13 in a room,application/vnd.geo+json,0101000020E6100000BA490C022B7F52C0355EBA490C624440,{}
14,Room No 14,A sensor that measures the Room No 14 in a room,application/vnd.geo+json,0101000020E6100000BA490C022B7F52C0355EBA490C624440,{}
15,Room No 15,A sensor that measures the Room No 15 in a room,application/vnd.geo+json,0101000020E6100000BA490C022B7F52C0355EBA490C624440,{}
16,Room No 16,A sensor that measures the Room No 16 in a room,application/vnd.geo+json,0101000020E6100000BA490C022B7F52C0355EBA490C624440,{}
17,Room No 17,A sensor that measures the Room No 17 in a room,application/vnd.geo+json,0101000020E6100000BA490C022B7F52C0355EBA490C624440,{}
18,Room No 18,A sensor that measures the Room No 18 in a room,application/vnd.geo+json,0101000020E6100000BA490C022B7F52C0355EBA490C624440,{}
19,Room No 19,A sensor that measures the Room No 19 in a room,application/vnd.geo+json,0101000020E6100000BA490C022B7F52C0355EBA490C624440,{}
20,Room No 20,A sensor that measures the Room No 20 in a room,application/vnd.geo+json,0101000020E6100000BA490C022B7F52C0355EBA490C624440,{}
21,Room No 21,A sensor that measures the Room No 21 in a room,application/vnd.geo+json,0101000020E6100000BA490C022B7F52C0355EBA490C624440,{}
22,Room No 22,A sensor that measures the Room No 22 in a room,application/vnd.geo+json,0101000020E6100000BA490C022B7F52C0355EBA490C624440,{}
23,Room No 23,A sensor that measures the Room No 23 in a room,application/vnd.geo+json,0101000020E6100000BA490C022B7F52C0355EBA490C624440,{}
24,Room No 24,A sensor that measures the Room No 24 in a room,application/vnd.geo+json,0101000020E6100000BA490C022B7F52C0355EBA490C624440,{}
25,Room No 25,A sensor that measures the Room No 25 in a room,application/vnd.geo+json,0101000020E6100000BA490C022B7F52C0355EBA490C624440,{}
26,Room No 26,A sensor that measures the Room No 26 in a room,application/vnd.geo+json,0101000020E6100000BA490C022B7F52C0355EBA490C624440,{}
27,Room No 27,A sensor that measures the Room No 27 in a room,application/vnd.geo+json,0101000020E6100000BA490C022B7F52C0355EBA490C624440,{}
28,Room No 28,A sensor that measures the Room No 28 in a room,application/vnd.geo+json,0101000020E6100000BA490C022B7F52C0355EBA490C624440,{}
29,Room No 29,A sensor that measures the Room No 29 in a room,application/vnd.geo+json,0101000020E6100000BA490C022B7F52C0355EBA490C624440,{}
30,Room No 30,A sensor that measures the Room No 30 in a room,application/vnd.geo+json,0101000020E6100000BA490C022B7F52C0355EBA490C624440,{}
31,Room No 31,A sensor that measures the Room No 31 in a room,application/vnd.geo+json,0101000020E6100000BA490C022B7F52C0355EBA490C624440,{}
32,Room No 32,A sensor that measures the Room No 32 in a room,application/vnd.geo+json,0101000020E6100000BA490C022B7F52C0355EBA490C624440,{}
33,Room No 33,A sensor that measures the Room No 33 in a room,application/vnd.geo+json,0101000020E6100000BA490C022B7F52C0355EBA490C624440,{}
34,Room No 34,A sensor that measures the Room No 34 in a room,application/vnd.geo+json,0101000020E6100000BA490C022B7F52C0355EBA490C624440,{}
35,Room No 35,A sensor that measures the Room No 35 in a room,application/vnd.geo+json,0101000020E6100000BA490C022B7F52C0355EBA490C624440,{}
36,Room No 36,A sensor that measures the Room No 36 in a room,application/vnd.geo+json,0101000020E6100000BA490C022B7F52C0355EBA490C624440,{}
37,Room No 37,A sensor that measures the Room No 37 in a room,application/vnd.geo+json,0101000020E6100000BA490C022B7F52C0355EBA490C624440,{}
38,Room No 38,A sensor that measures the Room No 38 in a room,application/vnd.geo+json,0101000020E6100000BA490C022B7F52C0355EBA490C624440,{}
39,Room No 39,A sensor that measures the Room No 39 in a room,application/vnd.geo+json,0101000020E6100000BA490C022B7F52C0355EBA490C624440,{}
40,Room No 40,A sensor that measures the Room No 40 in a room,application/vnd.geo+json,0101000020E6100000BA490C022B7F52C0355EBA490C624440,{}
41,Room No 41,A sensor that measures the Room No 41 in a room,application/vnd.geo+json,0101000020E6100000BA490C022B7F52C0355EBA490C624440,{}
42,Room No 42,A sensor that measures the Room No 42 in a room,application/vnd.geo+json,0101000020E6100000BA490C022B7F52C0355EBA490C624440,{}
43,Room No 43,A sensor that measures the Room No 43 in a room,application/vnd.geo+json,0101000020E6100000BA490C022B7F52C0355EBA490C624440,{}
44,Room No 44,A sensor that measures the Room No 44 in a room,application/vnd.geo+json,0101000020E6100000BA490C022B7F52C0355EBA490C624440,{}
45,Room No 45,A sensor that measures the Room No 45 in a room,application/vnd.geo+json,0101000020E6100000BA490C022B7F52C0355EBA490C624440,{}
46,Room No 46,A sensor that measures the Room No 46 in a room,application/vnd.geo+json,0101000020E6100000BA490C022B7F52C0355EBA490C624440,{}
47,Room No 47,A sensor that measures the Room No 47 in a room,application/vnd.geo+json,0101000020E6100000BA490C022B7F52C0355EBA490C624440,{}
48,Room No 48,A sensor that measures the Room No 48 in a room,application/vnd.geo+json,0101000020E6100000BA490C022B7F52C0355EBA490C624440,{}
49,Room No 49,A sensor that measures the Room No 49 in a room,application/vnd.geo+json,0101000020E6100000BA490C022B7F52C0355EBA490C624440,{}
50,Room No 50,A sensor that measures the Room No 50 in a room,application/vnd.geo+json,0101000020E6100000BA490C022B7F52C0355EBA490C624440,{}
51,Room No 51,A sensor that measures the Room No 51 in a room,application/vnd.geo+json,0101000020E6100000BA490C022B7F52C0355EBA490C624440,{}
52,Room No 52,A sensor that measures the Room No 52 in a room,application/vnd.geo+json,0101000020E6100000BA490C022B7F52C0355EBA490C624440,{}
53,Room No 53,A sensor that measures the Room No 53 in a room,application/vnd.geo+json,0101000020E6100000BA490C022B7F52C0355EBA490C624440,{}
54,Room No 54,A sensor that measures the Room No 54 in a room,application/vnd.geo+json,0101000020E6100000BA490C022B7F52C0355EBA490C624440,{}
55,Room No 55,A sensor that measures the Room No 55 in a room,application/vnd.geo+json,0101000020E6100000BA490C022B7F52C0355EBA490C624440,{}
56,Room No 56,A sensor that measures the Room No 56 in a room,application/vnd.geo+json,0101000020E6100000BA490C022B7F52C0355EBA490C624440,{}
57,Room No 57,A sensor that measures the Room No 57 in a room,application/vnd.geo+json,0101000020E6100000BA490C022B7F52C0355EBA490C624440,{}
58,Room No 58,A sensor that measures the Room No 58 in a room,application/vnd.geo+json,0101000020E6100000BA490C022B7F52C0355EBA490C624440,{}
59,Room No 59,A sensor that measures the Room No 59 in a room,application/vnd.geo+json,0101000020E6100000BA490C022B7F52C0355EBA490C624440,{}
60,Room No 60,A sensor that measures the Room No 60 in a room,application/vnd.geo+json,0101000020E6100000BA490C022B7F52C0355EBA490C624440,{}
61,Room No 61,A sensor that measures the Room No 61 in a room,application/vnd.geo+json,0101000020E6100000BA490C022B7F52C0355EBA490C624440,{}
62,Room No 62,A sensor that measures the Room No 62 in a room,application/vnd.geo+json,0101000020E6100000BA490C022B7F52C0355EBA490C624440,{}
63,Room No 63,A sensor that measures the Room No 63 in a room,application/vnd.geo+json,0101000020E6100000BA490C022B7F52C0355EBA490C624440,{}
64,Room No 64,A sensor that measures the Room No 64 in a room,application/vnd.geo+json,0101000020E6100000BA490C022B7F52C0355EBA490C624440,{}
65,Room No 65,A sensor that measures the Room No 65 in a room,application/vnd.geo+json,0101000020E6100000BA490C022B7F52C0355EBA490C624440,{}
66,Room No 66,A sensor that measures the Room No 66 in a room,application/vnd.geo+json,0101000020E6100000BA490C022B7F52C0355EBA490C624440,{}
67,Room No 67,A sensor that measures the Room No 67 in a room,application/vnd.geo+json,0101000020E6100000BA490C022B7F52C0355EBA490C624440,{}
68,Room No 68,A sensor that measures the Room No 68 in a room,application/vnd.geo+json,0101000020E6100000BA490C022B7F52C0355EBA490C624440,{}
69,Room No 69,A sensor that measures the Room No 69 in a room,application/vnd.geo+json,0101000020E6100000BA490C022B7F52C0355EBA490C624440,{}
70,Room No 70,A sensor that measures the Room No 70 in a room,application/vnd.geo+json,0101000020E6100000BA490C022B7F52C0355EBA490C624440,{}
71,Room No 71,A sensor that measures the Room No 71 in a room,application/vnd.geo+json,0101000020E6100000BA490C022B7F52C0355EBA490C624440,{}
72,Room No 72,A sensor that measures the Room No 72 in a room,application/vnd.geo+json,0101000020E6100000BA490C022B7F52C0355EBA490C624440,{}
73,Room No 73,A sensor that measures the Room No 73 in a room,application/vnd.geo+json,0101000020E6100000BA490C022B7F52C0355EBA490C624440,{}
74,Room No 74,A sensor that measures the Room No 74 in a room,application/vnd.geo+json,0101000020E6100000BA490C022B7F52C0355EBA490C624440,{}
75,Room No 75,A sensor that measures the Room No 75 in a room,application/vnd.geo+json,0101000020E6100000BA490C022B7F52C0355EBA490C624440,{}
76,Room No 76,A sensor that measures the Room No 76 in a room,application/vnd.geo+json,0101000020E6100000BA490C022B7F52C0355EBA490C624440,{}
77,Room No 77,A sensor that measures the Room No 77 in a room,application/vnd.geo+json,0101000020E6100000BA490C022B7F52C0355EBA490C624440,{}
78,Room No 78,A sensor that measures the Room No 78 in a room,application/vnd.geo+json,0101000020E6100000BA490C022B7F52C0355EBA490C624440,{}
79,Room No 79,A sensor that measures the Room No 79 in a room,application/vnd.geo+json,0101000020E6100000BA490C022B7F52C0355EBA490C624440,{}
80,Room No 80,A sensor that measures the Room No 80 in a room,application/vnd.geo+json,0101000020E6100000BA490C022B7F52C0355EBA490C624440,{}
81,Room No 81,A sensor that measures the Room No 81 in a room,application/vnd.geo+json,0101000020E6100000BA490C022B7F52C0355EBA490C624440,{}
82,Room No 82,A sensor that measures the Room No 82 in a room,application/vnd.geo+json,0101000020E6100000BA490C022B7F52C0355EBA490C624440,{}
83,Room No 83,A sensor that measures the Room No 83 in a room,application/vnd.geo+json,0101000020E6100000BA490C022B7F52C0355EBA490C624440,{}
84,Room No 84,A sensor that measures the Room No 84 in a room,application/vnd.geo+json,0101000020E6100000BA490C022B7F52C0355EBA490C624440,{}
85,Room No 85,A sensor that measures the Room No 85 in a room,application/vnd.geo+json,0101000020E6100000BA490C022B7F52C0355EBA490C624440,{}
86,Room No 86,A sensor that measures the Room No 86 in a room,application/vnd.geo+json,0101000020E6100000BA490C022B7F52C0355EBA490C624440,{}
87,Room No 87,A sensor that measures the Room No 87 in a room,application/vnd.geo+json,0101000020E6100000BA490C022B7F52C0355EBA490C624440,{}
88,Room No 88,A sensor that measures the Room No 88 in a room,application/vnd.geo+json,0101000020E6100000BA490C022B7F52C0355EBA490C624440,{}
89,Room No 89,A sensor that measures the Room No 89 in a room,application/vnd.geo+json,0101000020E6100000BA490C022B7F52C0355EBA490C624440,{}
90,Room No 90,A sensor that measures the Room No 90 in a room,application/vnd.geo+json,0101000020E6100000BA490C022B7F52C0355EBA490C624440,{}
91,Room No 91,A sensor that measures the Room No 91 in a room,application/vnd.geo+json,0101000020E6100000BA490C022B7F52C0355EBA490C624440,{}
92,Room No 92,A sensor that measures the Room No 92 in a room,application/vnd.geo+json,0101000020E6100000BA490C022B7F52C0355EBA490C624440,{}
93,Room No 93,A sensor that measures the Room No 93 in a room,application/vnd.geo+json,0101000020E6100000BA490C022B7F52C0355EBA490C624440,{}
94,Room No 94,A sensor that measures the Room No 94 in a room,application/vnd.geo+json,0101000020E6100000BA490C022B7F52C0355EBA490C624440,{}
95,Room No 95,A sensor that measures the Room No 95 in a room,application/vnd.geo+json,0101000020E6100000BA490C022B7F52C0355EBA490C624440,{}
96,Room No 96,A sensor that measures the Room No 96 in a room,application/vnd.geo+json,0101000020E6100000BA490C022B7F52C0355EBA490C624440,{}
97,Room No 97,A sensor that measures the Room No 97 in a room,application/vnd.geo+json,0101000020E6100000BA490C022B7F52C0355EBA490C624440,{}
98,Room No 98,A sensor that measures the Room No 98 in a room,application/vnd.geo+json,0101000020E6100000BA490C022B7F52C0355EBA490C624440,{}
99,Room No 99,A sensor that measures the Room No 99 in a room,application/vnd.geo+json,0101000020E6100000BA490C022B7F52C0355EBA490C624440,{}
100,Room No 100,A sensor that measures the Room No 100 in a room,application/vnd.geo+json,0101000020E6100000BA490C022B7F52C0355EBA490C624440,{}
101,Room No 101,A sensor that measures the Room No 101 in a room,application/vnd.geo+json,0101000020E6100000BA490C022B7F52C0355EBA490C624440,{}
102,Room No 102,A sensor that measures the Room No 102 in a room,application/vnd.geo+json,0101000020E6100000BA490C022B7F52C0355EBA490C624440,{}
103,Room No 103,A sensor that measures the Room No 103 in a room,application/vnd.geo+json,0101000020E6100000BA490C022B7F52C0355EBA490C624440,{}
104,Room No 104,A sensor that measures the Room No 104 in a room,application/vnd.geo+json,0101000020E6100000BA490C022B7F52C0355EBA490C624440,{}
105,Room No 105,A sensor that measures the Room No 105 in a room,application/vnd.geo+json,0101000020E6100000BA490C022B7F52C0355EBA490C624440,{}
106,Room No 106,A sensor that measures the Room No 106 in a room,application/vnd.geo+json,0101000020E6100000BA490C022B7F52C0355EBA490C624440,{}
107,Room No 107,A sensor that measures the Room No 107 in a room,application/vnd.geo+json,0101000020E6100000BA490C022B7F52C0355EBA490C624440,{}
108,Room No 108,A sensor that measures the Room No 108 in a room,application/vnd.geo+json,0101000020E6100000BA490C022B7F52C0355EBA490C624440,{}
109,Room No 109,A sensor that measures the Room No 109 in a room,application/vnd.geo+json,0101000020E6100000BA490C022B7F52C0355EBA490C624440,{}
110,Room No 110,A sensor that measures the Room No 110 in a room,application/vnd.geo+json,0101000020E6100000BA490C022B7F52C0355EBA490C624440,{}
111,Room No 111,A sensor that measures the Room No 111 in a room,application/vnd.geo+json,0101000020E6100000BA490C022B7F52C0355EBA490C624440,{}
112,Room No 112,A sensor that measures the Room No 112 in a room,application/vnd.geo+json,0101000020E6100000BA490C022B7F52C0355EBA490C624440,{}
113,Room No 113,A sensor that measures the Room No 113 in a room,application/vnd.geo+json,0101000020E6100000BA490C022B7F52C0355EBA490C624440,{}
114,Room No 114,A sensor that measures the Room No 114 in a room,application/vnd.geo+json,0101000020E6100000BA490C022B7F52C0355EBA490C624440,{}
115,Room No 115,A sensor that measures the Room No 115 in a room,application/vnd.geo+json,0101000020E6100000BA490C022B7F52C0355EBA490C624440,{}
116,Room No 116,A sensor that measures the Room No 116 in a room,application/vnd.geo+json,0101000020E6100000BA490C022B7F52C0355EBA490C624440,{}
117,Room No 117,A sensor that measures the Room No 117 in a room,application/vnd.geo+json,0101000020E6100000BA490C022B7F52C0355EBA490C624440,{}
118,Room No 118,A sensor that measures the Room No 118 in a room,application/vnd.geo+json,0101000020E6100000BA490C022B7F52C0355EBA490C624440,{}
119,Room No 119,A sensor that measures the Room No 119 in a room,application/vnd.geo+json,0101000020E6100000BA490C022B7F52C0355EBA490C624440,{}
120,Room No 120,A sensor that measures the Room No 120 in a room,application/vnd.geo+json,0101000020E6100000BA490C022B7F52C0355EBA490C624440,{}
121,Room No 121,A sensor that measures the Room No 121 in a room,application/vnd.geo+json,0101000020E6100000BA490C022B7F52C0355EBA490C624440,{}
122,Room No 122,A sensor that measures the Room No 122 in a room,application/vnd.geo+json,0101000020E6100000BA490C022B7F52C0355EBA490C624440,{}
123,Room No 123,A sensor that measures the Room No 123 in a room,application/vnd.geo+json,0101000020E6100000BA490C022B7F52C0355EBA490C624440,{}
124,Room No 124,A sensor that measures the Room No 124 in a room,application/vnd.geo+json,0101000020E6100000BA490C022B7F52C0355EBA490C624440,{}
125,Room No 125,A sensor that measures the Room No 125 in a room,application/vnd.geo+json,0101000020E6100000BA490C022B7F52C0355EBA490C624440,{}
126,Room No 126,A sensor that measures the Room No 126 in a room,application/vnd.geo+json,0101000020E6100000BA490C022B7F52C0355EBA490C624440,{}
127,Room No 127,A sensor that measures the Room No 127 in a room,application/vnd.geo+json,0101000020E6100000BA490C022B7F52C0355EBA490C624440,{}
128,Room No 128,A sensor that measures the Room No 128 in a room,application/vnd.geo+json,0101000020E6100000BA490C022B7F52C0355EBA490C624440,{}
129,Room No 129,A sensor that measures the Room No 129 in a room,application/vnd.geo+json,0101000020E6100000BA490C022B7F52C0355EBA490C624440,{}
130,Room No 130,A sensor that measures the Room No 130 in a room,application/vnd.geo+json,0101000020E6100000BA490C022B7F52C0355EBA490C624440,{}
131,Room No 131,A sensor that measures the Room No 131 in a room,application/vnd.geo+json,0101000020E6100000BA490C022B7F52C0355EBA490C624440,{}
132,Room No 132,A sensor that measures the Room No 132 in a room,application/vnd.geo+json,0101000020E6100000BA490C022B7F52C0355EBA490C624440,{}
133,Room No 133,A sensor that measures the Room No 133 in a room,application/vnd.geo+json,0101000020E6100000BA490C022B7F52C0355EBA490C624440,{}
134,Room No 134,A sensor that measures the Room No 134 in a room,application/vnd.geo+json,0101000020E6100000BA490C022B7F52C0355EBA490C624440,{}
135,Room No 135,A sensor that measures the Room No 135 in a room,application/vnd.geo+json,0101000020E6100000BA490C022B7F52C0355EBA490C624440,{}
136,Room No 136,A sensor that measures the Room No 136 in a room,application/vnd.geo+json,0101000020E6100000BA490C022B7F52C0355EBA490C624440,{}
137,Room No 137,A sensor that measures the Room No 137 in a room,application/vnd.geo+json,0101000020E6100000BA490C022B7F52C0355EBA490C624440,{}
138,Room No 138,A sensor that measures the Room No 138 in a room,application/vnd.geo+json,0101000020E6100000BA490C022B7F52C0355EBA490C624440,{}
139,Room No 139,A sensor that measures the Room No 139 in a room,application/vnd.geo+json,0101000020E6100000BA490C022B7F52C0355EBA490C624440,{}
140,Room No 140,A sensor that measures the Room No 140 in a room,application/vnd.geo+json,0101000020E6100000BA490C022B7F52C0355EBA490C624440,{}
141,Room No 141,A sensor that measures the Room No 141 in a room,application/vnd.geo+json,0101000020E6100000BA490C022B7F52C0355EBA490C624440,{}
142,Room No 142,A sensor that measures the Room No 142 in a room,application/vnd.geo+json,0101000020E6100000BA490C022B7F52C0355EBA490C624440,{}
143,Room No 143,A sensor that measures the Room No 143 in a room,application/vnd.geo+json,0101000020E6100000BA490C022B7F52C0355EBA490C624440,{}
144,Room No 144,A sensor that measures the Room No 144 in a room,application/vnd.geo+json,0101000020E6100000BA490C022B7F52C0355EBA490C624440,{}
145,Room No 145,A sensor that measures the Room No 145 in a room,application/vnd.geo+json,0101000020E6100000BA490C022B7F52C0355EBA490C624440,{}
146,Room No 146,A sensor that measures the Room No 146 in a room,application/vnd.geo+json,0101000020E6100000BA490C022B7F52C0355EBA490C624440,{}
147,Room No 147,A sensor that measures the Room No 147 in a room,application/vnd.geo+json,0101000020E6100000BA490C022B7F52C0355EBA490C624440,{}
148,Room No 148,A sensor that measures the Room No 148 in a room,application/vnd.geo+json,0101000020E6100000BA490C022B7F52C0355EBA490C624440,{}
149,Room No 149,A sensor that measures the Room No 149 in a room,application/vnd.geo+json,0101000020E6100000BA490C022B7F52C0355EBA490C624440,{}
150,Room No 150,A sensor that measures the Room No 150 in a room,application/vnd.geo+json,0101000020E6100000BA490C022B7F52C0355EBA490C624440,{}
151,Room No 151,A sensor that measures the Room No 151 in a room,application/vnd.geo+json,0101000020E6100000BA490C022B7F52C0355EBA490C624440,{}
152,Room No 152,A sensor that measures the Room No 152 in a room,application/vnd.geo+json,0101000020E6100000BA490C022B7F52C0355EBA490C624440,{}
153,Room No 153,A sensor that measures the Room No 153 in a room,application/vnd.geo+json,0101000020E6100000BA490C022B7F52C0355EBA490C624440,{}
154,Room No 154,A sensor that measures the Room No 154 in a room,application/vnd.geo+json,0101000020E6100000BA490C022B7F52C0355EBA490C624440,{}
155,Room No 155,A sensor that measures the Room No 155 in a room,application/vnd.geo+json,0101000020E6100000BA490C022B7F52C0355EBA490C624440,{}
156,Room No 156,A sensor that measures the Room No 156 in a room,application/vnd.geo+json,0101000020E6100000BA490C022B7F52C0355EBA490C624440,{}
157,Room No 157,A sensor that measures the Room No 157 in a room,application/vnd.geo+json,0101000020E6100000BA490C022B7F52C0355EBA490C624440,{}
158,Room No 158,A sensor that measures the Room No 158 in a room,application/vnd.geo+json,0101000020E6100000BA490C022B7F52C0355EBA490C624440,{}
159,Room No 159,A sensor that measures the Room No 159 in a room,application/vnd.geo+json,0101000020E6100000BA490C022B7F52C0355EBA490C624440,{}
160,Room No 160,A sensor that measures the Room No 160 in a room,application/vnd.geo+json,0101000020E6100000BA490C022B7F52C0355EBA490C624440,{}
161,Room No 161,A sensor that measures the Room No 161 in a room,application/vnd.geo+json,0101000020E6100000BA490C022B7F52C0355EBA490C624440,{}
162,Room No 162,A sensor that measures the Room No 162 in a room,application/vnd.geo+json,0101000020E6100000BA490C022B7F52C0355EBA490C624440,{}
163,Room No 163,A sensor that measures the Room No 163 in a room,application/vnd.geo+json,0101000020E6100000BA490C022B7F52C0355EBA490C624440,{}
164,Room No 164,A sensor that measures the Room No 164 in a room,application/vnd.geo+json,0101000020E6100000BA490C022B7F52C0355EBA490C624440,{}
165,Room No 165,A sensor that measures the Room No 165 in a room,application/vnd.geo+json,0101000020E6100000BA490C022B7F52C0355EBA490C624440,{}
166,Room No 166,A sensor that measures the Room No 166 in a room,application/vnd.geo+json,0101000020E6100000BA490C022B7F52C0355EBA490C624440,{}
167,Room No 167,A sensor that measures the Room No 167 in a room,application/vnd.geo+json,0101000020E6100000BA490C022B7F52C0355EBA490C624440,{}
168,Room No 168,A sensor that measures the Room No 168 in a room,application/vnd.geo+json,0101000020E6100000BA490C022B7F52C0355EBA490C624440,{}
169,Room No 169,A sensor that measures the Room No 169 in a room,application/vnd.geo+json,0101000020E6100000BA490C022B7F52C0355EBA490C624440,{}
170,Room No 170,A sensor that measures the Room No 170 in a room,application/vnd.geo+json,0101000020E6100000BA490C022B7F52C0355EBA490C624440,{}
171,Room No 171,A sensor that measures the Room No 171 in a room,application/vnd.geo+json,0101000020E6100000BA490C022B7F52C0355EBA490C624440,{}
172,Room No 172,A sensor that measures the Room No 172 in a room,application/vnd.geo+json,0101000020E6100000BA490C022B7F52C0355EBA490C624440,{}
173,Room No 173,A sensor that measures the Room No 173 in a room,application/vnd.geo+json,0101000020E6100000BA490C022B7F52C0355EBA490C624440,{}
174,Room No 174,A sensor that measures the Room No 174 in a room,application/vnd.geo+json,0101000020E6100000BA490C022B7F52C0355EBA490C624440,{}
175,Room No 175,A sensor that measures the Room No 175 in a room,application/vnd.geo+json,0101000020E6100000BA490C022B7F52C0355EBA490C624440,{}
176,Room No 176,A sensor that measures the Room No 176 in a room,application/vnd.geo+json,0101000020E6100000BA490C022B7F52C0355EBA490C624440,{}
177,Room No 177,A sensor that measures the Room No 177 in a room,application/vnd.geo+json,0101000020E6100000BA490C022B7F52C0355EBA490C624440,{}
178,Room No 178,A sensor that measures the Room No 178 in a room,application/vnd.geo+json,0101000020E6100000BA490C022B7F52C0355EBA490C624440,{}
179,Room No 179,A sensor that measures the Room No 179 in a room,application/vnd.geo+json,0101000020E6100000BA490C022B7F52C0355EBA490C624440,{}
180,Room No 180,A sensor that measures the Room No 180 in a room,application/vnd.geo+json,0101000020E6100000BA490C022B7F52C0355EBA490C624440,{}
181,Room No 181,A sensor that measures the Room No 181 in a room,application/vnd.geo+json,0101000020E6100000BA490C022B7F52C0355EBA490C624440,{}
182,Room No 182,A sensor that measures the Room No 182 in a room,application/vnd.geo+json,0101000020E6100000BA490C022B7F52C0355EBA490C624440,{}
183,Room No 183,A sensor that measures the Room No 183 in a room,application/vnd.geo+json,0101000020E6100000BA490C022B7F52C0355EBA490C624440,{}
184,Room No 184,A sensor that measures the Room No 184 in a room,application/vnd.geo+json,0101000020E6100000BA490C022B7F52C0355EBA490C624440,{}
185,Room No 185,A sensor that measures the Room No 185 in a room,application/vnd.geo+json,0101000020E6100000BA490C022B7F52C0355EBA490C624440,{}
186,Room No 186,A sensor that measures the Room No 186 in a room,application/vnd.geo+json,0101000020E6100000BA490C022B7F52C0355EBA490C624440,{}
187,Room No 187,A sensor that measures the Room No 187 in a room,application/vnd.geo+json,0101000020E6100000BA490C022B7F52C0355EBA490C624440,{}
188,Room No 188,A sensor that measures the Room No 188 in a room,application/vnd.geo+json,0101000020E6100000BA490C022B7F52C0355EBA490C624440,{}
189,Room No 189,A sensor that measures the Room No 189 in a room,application/vnd.geo+json,0101000020E6100000BA490C022B7F52C0355EBA490C624440,{}
190,Room No 190,A sensor that measures the Room No 190 in a room,application/vnd.geo+json,0101000020E6100000BA490C022B7F52C0355EBA490C624440,{}
191,Room No 191,A sensor that measures the Room No 191 in a room,application/vnd.geo+json,0101000020E6100000BA490C022B7F52C0355EBA490C624440,{}
192,Room No 192,A sensor that measures the Room No 192 in a room,application/vnd.geo+json,0101000020E6100000BA490C022B7F52C0355EBA490C624440,{}
193,Room No 193,A sensor that measures the Room No 193 in a room,application/vnd.geo+json,0101000020E6100000BA490C022B7F52C0355EBA490C624440,{}
194,Room No 194,A sensor that measures the Room No 194 in a room,application/vnd.geo+json,0101000020E6100000BA490C022B7F52C0355EBA490C624440,{}
195,Room No 195,A sensor that measures the Room No 195 in a room,application/vnd.geo+json,0101000020E6100000BA490C022B7F52C0355EBA490C624440,{}
196,Room No 196,A sensor that measures the Room No 196 in a room,application/vnd.geo+json,0101000020E6100000BA490C022B7F52C0355EBA490C624440,{}
197,Room No 197,A sensor that measures the Room No 197 in a room,application/vnd.geo+json,0101000020E6100000BA490C022B7F52C0355EBA490C624440,{}
198,Room No 198,A sensor that measures the Room No 198 in a room,application/vnd.geo+json,0101000020E6100000BA490C022B7F52C0355EBA490C624440,{}
199,Room No 199,A sensor that measures the Room No 199 in a room,application/vnd.geo+json,0101000020E6100000BA490C022B7F52C0355EBA490C624440,{}
200,Room No 200,A sensor that measures the Room No 200 in a room,application/vnd.geo+json,0101000020E6100000BA490C022B7F52C0355EBA490C624440,{}
201,Room No 201,A sensor that measures the Room No 201 in a room,application/vnd.geo+json,0101000020E6100000BA490C022B7F52C0355EBA490C624440,{}
202,Room No 202,A sensor that measures the Room No 202 in a room,application/vnd.geo+json,0101000020E6100000BA490C022B7F52C0355EBA490C624440,{}
203,Room No 203,A sensor that measures the Room No 203 in a room,application/vnd.geo+json,0101000020E6100000BA490C022B7F52C0355EBA490C624440,{}
204,Room No 204,A sensor that measures the Room No 204 in a room,application/vnd.geo+json,0101000020E6100000BA490C022B7F52C0355EBA490C624440,{}
205,Room No 205,A sensor that measures the Room No 205 in a room,application/vnd.geo+json,0101000020E6100000BA490C022B7F52C0355EBA490C624440,{}
206,Room No 206,A sensor that measures the Room No 206 in a room,application/vnd.geo+json,0101000020E6100000BA490C022B7F52C0355EBA490C624440,{}
207,Room No 207,A sensor that measures the Room No 207 in a room,application/vnd.geo+json,0101000020E6100000BA490C022B7F52C0355EBA490C624440,{}
208,Room No 208,A sensor that measures the Room No 208 in a room,application/vnd.geo+json,0101000020E6100000BA490C022B7F52C0355EBA490C624440,{}
209,Room No 209,A sensor that measures the Room No 209 in a room,application/vnd.geo+json,0101000020E6100000BA490C022B7F52C0355EBA490C624440,{}
210,Room No 210,A sensor that measures the Room No 210 in a room,application/vnd.geo+json,0101000020E6100000BA490C022B7F52C0355EBA490C624440,{}
211,Room No 211,A sensor that measures the Room No 211 in a room,application/vnd.geo+json,0101000020E6100000BA490C022B7F52C0355EBA490C624440,{}
212,Room No 212,A sensor that measures the Room No 212 in a room,application/vnd.geo+json,0101000020E6100000BA490C022B7F52C0355EBA490C624440,{}
213,Room No 213,A sensor that measures the Room No 213 in a room,application/vnd.geo+json,0101000020E6100000BA490C022B7F52C0355EBA490C624440,{}
214,Room No 214,A sensor that measures the Room No 214 in a room,application/vnd.geo+json,0101000020E6100000BA490C022B7F52C0355EBA490C624440,{}
215,Room No 215,A sensor that measures the Room No 215 in a room,application/vnd.geo+json,0101000020E6100000BA490C022B7F52C0355EBA490C624440,{}
216,Room No 216,A sensor that measures the Room No 216 in a room,application/vnd.geo+json,0101000020E6100000BA490C022B7F52C0355EBA490C624440,{}
217,Room No 217,A sensor that measures the Room No 217 in a room,application/vnd.geo+json,0101000020E6100000BA490C022B7F52C0355EBA490C624440,{}
218,Room No 218,A sensor that measures the Room No 218 in a room,application/vnd.geo+json,0101000020E6100000BA490C022B7F52C0355EBA490C624440,{}
219,Room No 219,A sensor that measures the Room No 219 in a room,application/vnd.geo+json,0101000020E6100000BA490C022B7F52C0355EBA490C624440,{}
220,Room No 220,A sensor that measures the Room No 220 in a room,application/vnd.geo+json,0101000020E6100000BA490C022B7F52C0355EBA490C624440,{}
221,Room No 221,A sensor that measures the Room No 221 in a room,application/vnd.geo+json,0101000020E6100000BA490C022B7F52C0355EBA490C624440,{}
222,Room No 222,A sensor that measures the Room No 222 in a room,application/vnd.geo+json,0101000020E6100000BA490C022B7F52C0355EBA490C624440,{}
223,Room No 223,A sensor that measures the Room No 223 in a room,application/vnd.geo+json,0101000020E6100000BA490C022B7F52C0355EBA490C624440,{}
224,Room No 224,A sensor that measures the Room No 224 in a room,application/vnd.geo+json,0101000020E6100000BA490C022B7F52C0355EBA490C624440,{}
225,Room No 225,A sensor that measures the Room No 225 in a room,application/vnd.geo+json,0101000020E6100000BA490C022B7F52C0355EBA490C624440,{}
226,Room No 226,A sensor that measures the Room No 226 in a room,application/vnd.geo+json,0101000020E6100000BA490C022B7F52C0355EBA490C624440,{}
227,Room No 227,A sensor that measures the Room No 227 in a room,application/vnd.geo+json,0101000020E6100000BA490C022B7F52C0355EBA490C624440,{}
228,Room No 228,A sensor that measures the Room No 228 in a room,application/vnd.geo+json,0101000020E6100000BA490C022B7F52C0355EBA490C624440,{}
229,Room No 229,A sensor that measures the Room No 229 in a room,application/vnd.geo+json,0101000020E6100000BA490C022B7F52C0355EBA490C624440,{}
230,Room No 230,A sensor that measures the Room No 230 in a room,application/vnd.geo+json,0101000020E6100000BA490C022B7F52C0355EBA490C624440,{}
231,Room No 231,A sensor that measures the Room No 231 in a room,application/vnd.geo+json,0101000020E6100000BA490C022B7F52C0355EBA490C624440,{}
232,Room No 232,A sensor that measures the Room No 232 in a room,application/vnd.geo+json,0101000020E6100000BA490C022B7F52C0355EBA490C624440,{}
233,Room No 233,A sensor that measures the Room No 233 in a room,application/vnd.geo+json,0101000020E6100000BA490C022B7F52C0355EBA490C624440,{}
234,Room No 234,A sensor that measures the Room No 234 in a room,application/vnd.geo+json,0101000020E6100000BA490C022B7F52C0355EBA490C624440,{}
235,Room No 235,A sensor that measures the Room No 235 in a room,application/vnd.geo+json,0101000020E6100000BA490C022B7F52C0355EBA490C624440,{}
236,Room No 236,A sensor that measures the Room No 236 in a room,application/vnd.geo+json,0101000020E6100000BA490C022B7F52C0355EBA490C624440,{}
237,Room No 237,A sensor that measures the Room No 237 in a room,application/vnd.geo+json,0101000020E6100000BA490C022B7F52C0355EBA490C624440,{}
238,Room No 238,A sensor that measures the Room No 238 in a room,application/vnd.geo+json,0101000020E6100000BA490C022B7F52C0355EBA490C624440,{}
239,Room No 239,A sensor that measures the Room No 239 in a room,application/vnd.geo+json,0101000020E6100000BA490C022B7F52C0355EBA490C624440,{}
240,Room No 240,A sensor that measures the Room No 240 in a room,application/vnd.geo+json,0101000020E6100000BA490C022B7F52C0355EBA490C624440,{}
241,Room No 241,A sensor that measures the Room No 241 in a room,application/vnd.geo+json,0101000020E6100000BA490C022B7F52C0355EBA490C624440,{}
242,Room No 242,A sensor that measures the Room No 242 in a room,application/vnd.geo+json,0101000020E6100000BA490C022B7F52C0355EBA490C624440,{}
243,Room No 243,A sensor that measures the Room No 243 in a room,application/vnd.geo+json,0101000020E6100000BA490C022B7F52C0355EBA490C624440,{}
244,Room No 244,A sensor that measures the Room No 244 in a room,application/vnd.geo+json,0101000020E6100000BA490C022B7F52C0355EBA490C624440,{}
245,Room No 245,A sensor that measures the Room No 245 in a room,application/vnd.geo+json,0101000020E6100000BA490C022B7F52C0355EBA490C624440,{}
246,Room No 246,A sensor that measures the Room No 246 in a room,application/vnd.geo+json,0101000020E6100000BA490C022B7F52C0355EBA490C624440,{}
247,Room No 247,A sensor that measures the Room No 247 in a room,application/vnd.geo+json,0101000020E6100000BA490C022B7F52C0355EBA490C624440,{}
248,Room No 248,A sensor that measures the Room No 248 in a room,application/vnd.geo+json,0101000020E6100000BA490C022B7F52C0355EBA490C624440,{}
249,Room No 249,A sensor that measures the Room No 249 in a room,application/vnd.geo+json,0101000020E6100000BA490C022B7F52C0355EBA490C624440,{}
250,Room No 250,A sensor that measures the Room No 250 in a room,application/vnd.geo+json,0101000020E6100000BA490C022B7F52C0355EBA490C624440,{}
251,Room No 251,A sensor that measures the Room No 251 in a room,application/vnd.geo+json,0101000020E6100000BA490C022B7F52C0355EBA490C624440,{}
252,Room No 252,A sensor that measures the Room No 252 in a room,application/vnd.geo+json,0101000020E6100000BA490C022B7F52C0355EBA490C624440,{}
253,Room No 253,A sensor that measures the Room No 253 in a room,application/vnd.geo+json,0101000020E6100000BA490C022B7F52C0355EBA490C624440,{}
254,Room No 254,A sensor that measures the Room No 254 in a room,application/vnd.geo+json,0101000020E6100000BA490C022B7F52C0355EBA490C624440,{}
255,Room No 255,A sensor that measures the Room No 255 in a room,application/vnd.geo+json,0101000020E6100000BA490C022B7F52C0355EBA490C624440,{}
256,Room No 256,A sensor that measures the Room No 256 in a room,application/vnd.geo+json,0101000020E6100000BA490C022B7F52C0355EBA490C624440,{}
257,Room No 257,A sensor that measures the Room No 257 in a room,application/vnd.geo+json,0101000020E6100000BA490C022B7F52C0355EBA490C624440,{}
258,Room No 258,A sensor that measures the Room No 258 in a room,application/vnd.geo+json,0101000020E6100000BA490C022B7F52C0355EBA490C624440,{}
259,Room No 259,A sensor that measures the Room No 259 in a room,application/vnd.geo+json,0101000020E6100000BA490C022B7F52C0355EBA490C624440,{}
260,Room No 260,A sensor that measures the Room No 260 in a room,application/vnd.geo+json,0101000020E6100000BA490C022B7F52C0355EBA490C624440,{}
261,Room No 261,A sensor that measures the Room No 261 in a room,application/vnd.geo+json,0101000020E6100000BA490C022B7F52C0355EBA490C624440,{}
262,Room No 262,A sensor that measures the Room No 262 in a room,application/vnd.geo+json,0101000020E6100000BA490C022B7F52C0355EBA490C624440,{}
263,Room No 263,A sensor that measures the Room No 263 in a room,application/vnd.geo+json,0101000020E6100000BA490C022B7F52C0355EBA490C624440,{}
264,Room No 264,A sensor that measures the Room No 264 in a room,application/vnd.geo+json,0101000020E6100000BA490C022B7F52C0355EBA490C624440,{}
265,Room No 265,A sensor that measures the Room No 265 in a room,application/vnd.geo+json,0101000020E6100000BA490C022B7F52C0355EBA490C624440,{}
266,Room No 266,A sensor that measures the Room No 266 in a room,application/vnd.geo+json,0101000020E6100000BA490C022B7F52C0355EBA490C624440,{}
267,Room No 267,A sensor that measures the Room No 267 in a room,application/vnd.geo+json,0101000020E6100000BA490C022B7F52C0355EBA490C624440,{}
268,Room No 268,A sensor that measures the Room No 268 in a room,application/vnd.geo+json,0101000020E6100000BA490C022B7F52C0355EBA490C624440,{}
269,Room No 269,A sensor that measures the Room No 269 in a room,application/vnd.geo+json,0101000020E6100000BA490C022B7F52C0355EBA490C624440,{}
270,Room No 270,A sensor that measures the Room No 270 in a room,application/vnd.geo+json,0101000020E6100000BA490C022B7F52C0355EBA490C624440,{}
271,Room No 271,A sensor that measures the Room No 271 in a room,application/vnd.geo+json,0101000020E6100000BA490C022B7F52C0355EBA490C624440,{}
272,Room No 272,A sensor that measures the Room No 272 in a room,application/vnd.geo+json,0101000020E6100000BA490C022B7F52C0355EBA490C624440,{}
273,Room No 273,A sensor that measures the Room No 273 in a room,application/vnd.geo+json,0101000020E6100000BA490C022B7F52C0355EBA490C624440,{}
274,Room No 274,A sensor that measures the Room No 274 in a room,application/vnd.geo+json,0101000020E6100000BA490C022B7F52C0355EBA490C624440,{}
275,Room No 275,A sensor that measures the Room No 275 in a room,application/vnd.geo+json,0101000020E6100000BA490C022B7F52C0355EBA490C624440,{}
276,Room No 276,A sensor that measures the Room No 276 in a room,application/vnd.geo+json,0101000020E6100000BA490C022B7F52C0355EBA490C624440,{}
277,Room No 277,A sensor that measures the Room No 277 in a room,application/vnd.geo+json,0101000020E6100000BA490C022B7F52C0355EBA490C624440,{}
278,Room No 278,A sensor that measures the Room No 278 in a room,application/vnd.geo+json,0101000020E6100000BA490C022B7F52C0355EBA490C624440,{}
279,Room No 279,A sensor that measures the Room No 279 in a room,application/vnd.geo+json,0101000020E6100000BA490C022B7F52C0355EBA490C624440,{}
280,Room No 280,A sensor that measures the Room No 280 in a room,application/vnd.geo+json,0101000020E6100000BA490C022B7F52C0355EBA490C624440,{}
281,Room No 281,A sensor that measures the Room No 281 in a room,application/vnd.geo+json,0101000020E6100000BA490C022B7F52C0355EBA490C624440,{}
282,Room No 282,A sensor that measures the Room No 282 in a room,application/vnd.geo+json,0101000020E6100000BA490C022B7F52C0355EBA490C624440,{}
283,Room No 283,A sensor that measures the Room No 283 in a room,application/vnd.geo+json,0101000020E6100000BA490C022B7F52C0355EBA490C624440,{}
284,Room No 284,A sensor that measures the Room No 284 in a room,application/vnd.geo+json,0101000020E6100000BA490C022B7F52C0355EBA490C624440,{}
285,Room No 285,A sensor that measures the Room No 285 in a room,application/vnd.geo+json,0101000020E6100000BA490C022B7F52C0355EBA490C624440,{}
286,Room No 286,A sensor that measures the Room No 286 in a room,application/vnd.geo+json,0101000020E6100000BA490C022B7F52C0355EBA490C624440,{}
287,Room No 287,A sensor that measures the Room No 287 in a room,application/vnd.geo+json,0101000020E6100000BA490C022B7F52C0355EBA490C624440,{}
288,Room No 288,A sensor that measures the Room No 288 in a room,application/vnd.geo+json,0101000020E6100000BA490C022B7F52C0355EBA490C624440,{}
289,Room No 289,A sensor that measures the Room No 289 in a room,application/vnd.geo+json,0101000020E6100000BA490C022B7F52C0355EBA490C624440,{}
290,Room No 290,A sensor that measures the Room No 290 in a room,application/vnd.geo+json,0101000020E6100000BA490C022B7F52C0355EBA490C624440,{}
291,Room No 291,A sensor that measures the Room No 291 in a room,application/vnd.geo+json,0101000020E6100000BA490C022B7F52C0355EBA490C624440,{}
292,Room No 292,A sensor that measures the Room No 292 in a room,application/vnd.geo+json,0101000020E6100000BA490C022B7F52C0355EBA490C624440,{}
293,Room No 293,A sensor that measures the Room No 293 in a room,application/vnd.geo+json,0101000020E6100000BA490C022B7F52C0355EBA490C624440,{}
294,Room No 294,A sensor that measures the Room No 294 in a room,application/vnd.geo+json,0101000020E6100000BA490C022B7F52C0355EBA490C624440,{}
295,Room No 295,A sensor that measures the Room No 295 in a room,application/vnd.geo+json,0101000020E6100000BA490C022B7F52C0355EBA490C624440,{}
296,Room No 296,A sensor that measures the Room No 296 in a room,application/vnd.geo+json,0101000020E6100000BA490C022B7F52C0355EBA490C624440,{}
297,Room No 297,A sensor that measures the Room No 297 in a room,application/vnd.geo+json,0101000020E6100000BA490C022B7F52C0355EBA490C624440,{}
298,Room No 298,A sensor that measures the Room No 298 in a room,application/vnd.geo+json,0101000020E6100000BA490C022B7F52C0355EBA490C624440,{}
299,Room No 299,A sensor that measures the Room No 299 in a room,application/vnd.geo+json,0101000020E6100000BA490C022B7F52C0355EBA490C624440,{}
300,Room No 300,A sensor that measures the Room No 300 in a room,application/vnd.geo+json,0101000020E6100000BA490C022B7F52C0355EBA490C624440,{}
301,Room No 301,A sensor that measures the Room No 301 in a room,application/vnd.geo+json,0101000020E6100000BA490C022B7F52C0355EBA490C624440,{}
302,Room No 302,A sensor that measures the Room No 302 in a room,application/vnd.geo+json,0101000020E6100000BA490C022B7F52C0355EBA490C624440,{}
303,Room No 303,A sensor that measures the Room No 303 in a room,application/vnd.geo+json,0101000020E6100000BA490C022B7F52C0355EBA490C624440,{}
304,Room No 304,A sensor that measures the Room No 304 in a room,application/vnd.geo+json,0101000020E6100000BA490C022B7F52C0355EBA490C624440,{}
305,Room No 305,A sensor that measures the Room No 305 in a room,application/vnd.geo+json,0101000020E6100000BA490C022B7F52C0355EBA490C624440,{}
306,Room No 306,A sensor that measures the Room No 306 in a room,application/vnd.geo+json,0101000020E6100000BA490C022B7F52C0355EBA490C624440,{}
307,Room No 307,A sensor that measures the Room No 307 in a room,application/vnd.geo+json,0101000020E6100000BA490C022B7F52C0355EBA490C624440,{}
308,Room No 308,A sensor that measures the Room No 308 in a room,application/vnd.geo+json,0101000020E6100000BA490C022B7F52C0355EBA490C624440,{}
309,Room No 309,A sensor that measures the Room No 309 in a room,application/vnd.geo+json,0101000020E6100000BA490C022B7F52C0355EBA490C624440,{}
310,Room No 310,A sensor that measures the Room No 310 in a room,application/vnd.geo+json,0101000020E6100000BA490C022B7F52C0355EBA490C624440,{}
311,Room No 311,A sensor that measures the Room No 311 in a room,application/vnd.geo+json,0101000020E6100000BA490C022B7F52C0355EBA490C624440,{}
312,Room No 312,A sensor that measures the Room No 312 in a room,application/vnd.geo+json,0101000020E6100000BA490C022B7F52C0355EBA490C624440,{}
313,Room No 313,A sensor that measures the Room No 313 in a room,application/vnd.geo+json,0101000020E6100000BA490C022B7F52C0355EBA490C624440,{}
314,Room No 314,A sensor that measures the Room No 314 in a room,application/vnd.geo+json,0101000020E6100000BA490C022B7F52C0355EBA490C624440,{}
315,Room No 315,A sensor that measures the Room No 315 in a room,application/vnd.geo+json,0101000020E6100000BA490C022B7F52C0355EBA490C624440,{}
316,Room No 316,A sensor that measures the Room No 316 in a room,application/vnd.geo+json,0101000020E6100000BA490C022B7F52C0355EBA490C624440,{}
317,Room No 317,A sensor that measures the Room No 317 in a room,application/vnd.geo+json,0101000020E6100000BA490C022B7F52C0355EBA490C624440,{}
318,Room No 318,A sensor that measures the Room No 318 in a room,application/vnd.geo+json,0101000020E6100000BA490C022B7F52C0355EBA490C624440,{}
319,Room No 319,A sensor that measures the Room No 319 in a room,application/vnd.geo+json,0101000020E6100000BA490C022B7F52C0355EBA490C624440,{}
320,Room No 320,A sensor that measures the Room No 320 in a room,application/vnd.geo+json,0101000020E6100000BA490C022B7F52C0355EBA490C624440,{}
321,Room No 321,A sensor that measures the Room No 321 in a room,application/vnd.geo+json,0101000020E6100000BA490C022B7F52C0355EBA490C624440,{}
322,Room No 322,A sensor that measures the Room No 322 in a room,application/vnd.geo+json,0101000020E6100000BA490C022B7F52C0355EBA490C624440,{}
323,Room No 323,A sensor that measures the Room No 323 in a room,application/vnd.geo+json,0101000020E6100000BA490C022B7F52C0355EBA490C624440,{}
324,Room No 324,A sensor that measures the Room No 324 in a room,application/vnd.geo+json,0101000020E6100000BA490C022B7F52C0355EBA490C624440,{}
325,Room No 325,A sensor that measures the Room No 325 in a room,application/vnd.geo+json,0101000020E6100000BA490C022B7F52C0355EBA490C624440,{}
326,Room No 326,A sensor that measures the Room No 326 in a room,application/vnd.geo+json,0101000020E6100000BA490C022B7F52C0355EBA490C624440,{}
327,Room No 327,A sensor that measures the Room No 327 in a room,application/vnd.geo+json,0101000020E6100000BA490C022B7F52C0355EBA490C624440,{}
328,Room No 328,A sensor that measures the Room No 328 in a room,application/vnd.geo+json,0101000020E6100000BA490C022B7F52C0355EBA490C624440,{}
329,Room No 329,A sensor that measures the Room No 329 in a room,application/vnd.geo+json,0101000020E6100000BA490C022B7F52C0355EBA490C624440,{}
330,Room No 330,A sensor that measures the Room No 330 in a room,application/vnd.geo+json,0101000020E6100000BA490C022B7F52C0355EBA490C624440,{}
331,Room No 331,A sensor that measures the Room No 331 in a room,application/vnd.geo+json,0101000020E6100000BA490C022B7F52C0355EBA490C624440,{}
332,Room No 332,A sensor that measures the Room No 332 in a room,application/vnd.geo+json,0101000020E6100000BA490C022B7F52C0355EBA490C624440,{}
333,Room No 333,A sensor that measures the Room No 333 in a room,application/vnd.geo+json,0101000020E6100000BA490C022B7F52C0355EBA490C624440,{}
334,Room No 334,A sensor that measures the Room No 334 in a room,application/vnd.geo+json,0101000020E6100000BA490C022B7F52C0355EBA490C624440,{}
335,Room No 335,A sensor that measures the Room No 335 in a room,application/vnd.geo+json,0101000020E6100000BA490C022B7F52C0355EBA490C624440,{}
336,Room No 336,A sensor that measures the Room No 336 in a room,application/vnd.geo+json,0101000020E6100000BA490C022B7F52C0355EBA490C624440,{}
337,Room No 337,A sensor that measures the Room No 337 in a room,application/vnd.geo+json,0101000020E6100000BA490C022B7F52C0355EBA490C624440,{}
338,Room No 338,A sensor that measures the Room No 338 in a room,application/vnd.geo+json,0101000020E6100000BA490C022B7F52C0355EBA490C624440,{}
339,Room No 339,A sensor that measures the Room No 339 in a room,application/vnd.geo+json,0101000020E6100000BA490C022B7F52C0355EBA490C624440,{}
340,Room No 340,A sensor that measures the Room No 340 in a room,application/vnd.geo+json,0101000020E6100000BA490C022B7F52C0355EBA490C624440,{}
341,Room No 341,A sensor that measures the Room No 341 in a room,application/vnd.geo+json,0101000020E6100000BA490C022B7F52C0355EBA490C624440,{}
342,Room No 342,A sensor that measures the Room No 342 in a room,application/vnd.geo+json,0101000020E6100000BA490C022B7F52C0355EBA490C624440,{}
343,Room No 343,A sensor that measures the Room No 343 in a room,application/vnd.geo+json,0101000020E6100000BA490C022B7F52C0355EBA490C624440,{}
344,Room No 344,A sensor that measures the Room No 344 in a room,application/vnd.geo+json,0101000020E6100000BA490C022B7F52C0355EBA490C624440,{}
345,Room No 345,A sensor that measures the Room No 345 in a room,application/vnd.geo+json,0101000020E6100000BA490C022B7F52C0355EBA490C624440,{}
346,Room No 346,A sensor that measures the Room No 346 in a room,application/vnd.geo+json,0101000020E6100000BA490C022B7F52C0355EBA490C624440,{}
347,Room No 347,A sensor that measures the Room No 347 in a room,application/vnd.geo+json,0101000020E6100000BA490C022B7F52C0355EBA490C624440,{}
348,Room No 348,A sensor that measures the Room No 348 in a room,application/vnd.geo+json,0101000020E6100000BA490C022B7F52C0355EBA490C624440,{}
349,Room No 349,A sensor that measures the Room No 349 in a room,application/vnd.geo+json,0101000020E6100000BA490C022B7F52C0355EBA490C624440,{}
350,Room No 350,A sensor that measures the Room No 350 in a room,application/vnd.geo+json,0101000020E6100000BA490C022B7F52C0355EBA490C624440,{}
351,Room No 351,A sensor that measures the Room No 351 in a room,application/vnd.geo+json,0101000020E6100000BA490C022B7F52C0355EBA490C624440,{}
352,Room No 352,A sensor that measures the Room No 352 in a room,application/vnd.geo+json,0101000020E6100000BA490C022B7F52C0355EBA490C624440,{}
353,Room No 353,A sensor that measures the Room No 353 in a room,application/vnd.geo+json,0101000020E6100000BA490C022B7F52C0355EBA490C624440,{}
354,Room No 354,A sensor that measures the Room No 354 in a room,application/vnd.geo+json,0101000020E6100000BA490C022B7F52C0355EBA490C624440,{}
355,Room No 355,A sensor that measures the Room No 355 in a room,application/vnd.geo+json,0101000020E6100000BA490C022B7F52C0355EBA490C624440,{}
356,Room No 356,A sensor that measures the Room No 356 in a room,application/vnd.geo+json,0101000020E6100000BA490C022B7F52C0355EBA490C624440,{}
357,Room No 357,A sensor that measures the Room No 357 in a room,application/vnd.geo+json,0101000020E6100000BA490C022B7F52C0355EBA490C624440,{}
358,Room No 358,A sensor that measures the Room No 358 in a room,application/vnd.geo+json,0101000020E6100000BA490C022B7F52C0355EBA490C624440,{}
359,Room No 359,A sensor that measures the Room No 359 in a room,application/vnd.geo+json,0101000020E6100000BA490C022B7F52C0355EBA490C624440,{}
360,Room No 360,A sensor that measures the Room No 360 in a room,application/vnd.geo+json,0101000020E6100000BA490C022B7F52C0355EBA490C624440,{}
361,Room No 361,A sensor that measures the Room No 361 in a room,application/vnd.geo+json,0101000020E6100000BA490C022B7F52C0355EBA490C624440,{}
362,Room No 362,A sensor that measures the Room No 362 in a room,application/vnd.geo+json,0101000020E6100000BA490C022B7F52C0355EBA490C624440,{}
363,Room No 363,A sensor that measures the Room No 363 in a room,application/vnd.geo+json,0101000020E6100000BA490C022B7F52C0355EBA490C624440,{}
364,Room No 364,A sensor that measures the Room No 364 in a room,application/vnd.geo+json,0101000020E6100000BA490C022B7F52C0355EBA490C624440,{}
365,Room No 365,A sensor that measures the Room No 365 in a room,application/vnd.geo+json,0101000020E6100000BA490C022B7F52C0355EBA490C624440,{}
366,Room No 366,A sensor that measures the Room No 366 in a room,application/vnd.geo+json,0101000020E6100000BA490C022B7F52C0355EBA490C624440,{}
367,Room No 367,A sensor that measures the Room No 367 in a room,application/vnd.geo+json,0101000020E6100000BA490C022B7F52C0355EBA490C624440,{}
368,Room No 368,A sensor that measures the Room No 368 in a room,application/vnd.geo+json,0101000020E6100000BA490C022B7F52C0355EBA490C624440,{}
369,Room No 369,A sensor that measures the Room No 369 in a room,application/vnd.geo+json,0101000020E6100000BA490C022B7F52C0355EBA490C624440,{}
370,Room No 370,A sensor that measures the Room No 370 in a room,application/vnd.geo+json,0101000020E6100000BA490C022B7F52C0355EBA490C624440,{}
371,Room No 371,A sensor that measures the Room No 371 in a room,application/vnd.geo+json,0101000020E6100000BA490C022B7F52C0355EBA490C624440,{}
372,Room No 372,A sensor that measures the Room No 372 in a room,application/vnd.geo+json,0101000020E6100000BA490C022B7F52C0355EBA490C624440,{}
373,Room No 373,A sensor that measures the Room No 373 in a room,application/vnd.geo+json,0101000020E6100000BA490C022B7F52C0355EBA490C624440,{}
374,Room No 374,A sensor that measures the Room No 374 in a room,application/vnd.geo+json,0101000020E6100000BA490C022B7F52C0355EBA490C624440,{}
375,Room No 375,A sensor that measures the Room No 375 in a room,application/vnd.geo+json,0101000020E6100000BA490C022B7F52C0355EBA490C624440,{}
376,Room No 376,A sensor that measures the Room No 376 in a room,application/vnd.geo+json,0101000020E6100000BA490C022B7F52C0355EBA490C624440,{}
377,Room No 377,A sensor that measures the Room No 377 in a room,application/vnd.geo+json,0101000020E6100000BA490C022B7F52C0355EBA490C624440,{}
378,Room No 378,A sensor that measures the Room No 378 in a room,application/vnd.geo+json,0101000020E6100000BA490C022B7F52C0355EBA490C624440,{}
379,Room No 379,A sensor that measures the Room No 379 in a room,application/vnd.geo+json,0101000020E6100000BA490C022B7F52C0355EBA490C624440,{}
380,Room No 380,A sensor that measures the Room No 380 in a room,application/vnd.geo+json,0101000020E6100000BA490C022B7F52C0355EBA490C624440,{}
381,Room No 381,A sensor that measures the Room No 381 in a room,application/vnd.geo+json,0101000020E6100000BA490C022B7F52C0355EBA490C624440,{}
382,Room No 382,A sensor that measures the Room No 382 in a room,application/vnd.geo+json,0101000020E6100000BA490C022B7F52C0355EBA490C624440,{}
383,Room No 383,A sensor that measures the Room No 383 in a room,application/vnd.geo+json,0101000020E6100000BA490C022B7F52C0355EBA490C624440,{}
384,Room No 384,A sensor that measures the Room No 384 in a room,application/vnd.geo+json,0101000020E6100000BA490C022B7F52C0355EBA490C624440,{}
385,Room No 385,A sensor that measures the Room No 385 in a room,application/vnd.geo+json,0101000020E6100000BA490C022B7F52C0355EBA490C624440,{}
386,Room No 386,A sensor that measures the Room No 386 in a room,application/vnd.geo+json,0101000020E6100000BA490C022B7F52C0355EBA490C624440,{}
387,Room No 387,A sensor that measures the Room No 387 in a room,application/vnd.geo+json,0101000020E6100000BA490C022B7F52C0355EBA490C624440,{}
388,Room No 388,A sensor that measures the Room No 388 in a room,application/vnd.geo+json,0101000020E6100000BA490C022B7F52C0355EBA490C624440,{}
389,Room No 389,A sensor that measures the Room No 389 in a room,application/vnd.geo+json,0101000020E6100000BA490C022B7F52C0355EBA490C624440,{}
390,Room No 390,A sensor that measures the Room No 390 in a room,application/vnd.geo+json,0101000020E6100000BA490C022B7F52C0355EBA490C624440,{}
391,Room No 391,A sensor that measures the Room No 391 in a room,application/vnd.geo+json,0101000020E6100000BA490C022B7F52C0355EBA490C624440,{}
392,Room No 392,A sensor that measures the Room No 392 in a room,application/vnd.geo+json,0101000020E6100000BA490C022B7F52C0355EBA490C624440,{}
393,Room No 393,A sensor that measures the Room No 393 in a room,application/vnd.geo+json,0101000020E6100000BA490C022B7F52C0355EBA490C624440,{}
394,Room No 394,A sensor that measures the Room No 394 in a room,application/vnd.geo+json,0101000020E6100000BA490C022B7F52C0355EBA490C624440,{}
395,Room No 395,A sensor that measures the Room No 395 in a room,application/vnd.geo+json,0101000020E6100000BA490C022B7F52C0355EBA490C624440,{}
396,Room No 396,A sensor that measures the Room No 396 in a room,application/vnd.geo+json,0101000020E6100000BA490C022B7F52C0355EBA490C624440,{}
397,Room No 397,A sensor that measures the Room No 397 in a room,application/vnd.geo+json,0101000020E6100000BA490C022B7F52C0355EBA490C624440,{}
398,Room No 398,A sensor that measures the Room No 398 in a room,application/vnd.geo+json,0101000020E6100000BA490C022B7F52C0355EBA490C624440,{}
399,Room No 399,A sensor that measures the Room No 399 in a room,application/vnd.geo+json,0101000020E6100000BA490C022B7F52C0355EBA490C624440,{}
400,Room No 400,A sensor that measures the Room No 400 in a room,application/vnd.geo+json,0101000020E6100000BA490C022B7F52C0355EBA490C624440,{}
401,Room No 401,A sensor that measures the Room No 401 in a room,application/vnd.geo+json,0101000020E6100000BA490C022B7F52C0355EBA490C624440,{}
402,Room No 402,A sensor that measures the Room No 402 in a room,application/vnd.geo+json,0101000020E6100000BA490C022B7F52C0355EBA490C624440,{}
403,Room No 403,A sensor that measures the Room No 403 in a room,application/vnd.geo+json,0101000020E6100000BA490C022B7F52C0355EBA490C624440,{}
404,Room No 404,A sensor that measures the Room No 404 in a room,application/vnd.geo+json,0101000020E6100000BA490C022B7F52C0355EBA490C624440,{}
405,Room No 405,A sensor that measures the Room No 405 in a room,application/vnd.geo+json,0101000020E6100000BA490C022B7F52C0355EBA490C624440,{}
406,Room No 406,A sensor that measures the Room No 406 in a room,application/vnd.geo+json,0101000020E6100000BA490C022B7F52C0355EBA490C624440,{}
407,Room No 407,A sensor that measures the Room No 407 in a room,application/vnd.geo+json,0101000020E6100000BA490C022B7F52C0355EBA490C624440,{}
408,Room No 408,A sensor that measures the Room No 408 in a room,application/vnd.geo+json,0101000020E6100000BA490C022B7F52C0355EBA490C624440,{}
409,Room No 409,A sensor that measures the Room No 409 in a room,application/vnd.geo+json,0101000020E6100000BA490C022B7F52C0355EBA490C624440,{}
410,Room No 410,A sensor that measures the Room No 410 in a room,application/vnd.geo+json,0101000020E6100000BA490C022B7F52C0355EBA490C624440,{}
411,Room No 411,A sensor that measures the Room No 411 in a room,application/vnd.geo+json,0101000020E6100000BA490C022B7F52C0355EBA490C624440,{}
412,Room No 412,A sensor that measures the Room No 412 in a room,application/vnd.geo+json,0101000020E6100000BA490C022B7F52C0355EBA490C624440,{}
413,Room No 413,A sensor that measures the Room No 413 in a room,application/vnd.geo+json,0101000020E6100000BA490C022B7F52C0355EBA490C624440,{}
414,Room No 414,A sensor that measures the Room No 414 in a room,application/vnd.geo+json,0101000020E6100000BA490C022B7F52C0355EBA490C624440,{}
415,Room No 415,A sensor that measures the Room No 415 in a room,application/vnd.geo+json,0101000020E6100000BA490C022B7F52C0355EBA490C624440,{}
416,Room No 416,A sensor that measures the Room No 416 in a room,application/vnd.geo+json,0101000020E6100000BA490C022B7F52C0355EBA490C624440,{}
417,Room No 417,A sensor that measures the Room No 417 in a room,application/vnd.geo+json,0101000020E6100000BA490C022B7F52C0355EBA490C624440,{}
418,Room No 418,A sensor that measures the Room No 418 in a room,application/vnd.geo+json,0101000020E6100000BA490C022B7F52C0355EBA490C624440,{}
419,Room No 419,A sensor that measures the Room No 419 in a room,application/vnd.geo+json,0101000020E6100000BA490C022B7F52C0355EBA490C624440,{}
420,Room No 420,A sensor that measures the Room No 420 in a room,application/vnd.geo+json,0101000020E6100000BA490C022B7F52C0355EBA490C624440,{}
421,Room No 421,A sensor that measures the Room No 421 in a room,application/vnd.geo+json,0101000020E6100000BA490C022B7F52C0355EBA490C624440,{}
422,Room No 422,A sensor that measures the Room No 422 in a room,application/vnd.geo+json,0101000020E6100000BA490C022B7F52C0355EBA490C624440,{}
423,Room No 423,A sensor that measures the Room No 423 in a room,application/vnd.geo+json,0101000020E6100000BA490C022B7F52C0355EBA490C624440,{}
424,Room No 424,A sensor that measures the Room No 424 in a room,application/vnd.geo+json,0101000020E6100000BA490C022B7F52C0355EBA490C624440,{}
425,Room No 425,A sensor that measures the Room No 425 in a room,application/vnd.geo+json,0101000020E6100000BA490C022B7F52C0355EBA490C624440,{}
426,Room No 426,A sensor that measures the Room No 426 in a room,application/vnd.geo+json,0101000020E6100000BA490C022B7F52C0355EBA490C624440,{}
427,Room No 427,A sensor that measures the Room No 427 in a room,application/vnd.geo+json,0101000020E6100000BA490C022B7F52C0355EBA490C624440,{}
428,Room No 428,A sensor that measures the Room No 428 in a room,application/vnd.geo+json,0101000020E6100000BA490C022B7F52C0355EBA490C624440,{}
429,Room No 429,A sensor that measures the Room No 429 in a room,application/vnd.geo+json,0101000020E6100000BA490C022B7F52C0355EBA490C624440,{}
430,Room No 430,A sensor that measures the Room No 430 in a room,application/vnd.geo+json,0101000020E6100000BA490C022B7F52C0355EBA490C624440,{}
431,Room No 431,A sensor that measures the Room No 431 in a room,application/vnd.geo+json,0101000020E6100000BA490C022B7F52C0355EBA490C624440,{}
432,Room No 432,A sensor that measures the Room No 432 in a room,application/vnd.geo+json,0101000020E6100000BA490C022B7F52C0355EBA490C624440,{}
433,Room No 433,A sensor that measures the Room No 433 in a room,application/vnd.geo+json,0101000020E6100000BA490C022B7F52C0355EBA490C624440,{}
434,Room No 434,A sensor that measures the Room No 434 in a room,application/vnd.geo+json,0101000020E6100000BA490C022B7F52C0355EBA490C624440,{}
435,Room No 435,A sensor that measures the Room No 435 in a room,application/vnd.geo+json,0101000020E6100000BA490C022B7F52C0355EBA490C624440,{}
436,Room No 436,A sensor that measures the Room No 436 in a room,application/vnd.geo+json,0101000020E6100000BA490C022B7F52C0355EBA490C624440,{}
437,Room No 437,A sensor that measures the Room No 437 in a room,application/vnd.geo+json,0101000020E6100000BA490C022B7F52C0355EBA490C624440,{}
438,Room No 438,A sensor that measures the Room No 438 in a room,application/vnd.geo+json,0101000020E6100000BA490C022B7F52C0355EBA490C624440,{}
439,Room No 439,A sensor that measures the Room No 439 in a room,application/vnd.geo+json,0101000020E6100000BA490C022B7F52C0355EBA490C624440,{}
440,Room No 440,A sensor that measures the Room No 440 in a room,application/vnd.geo+json,0101000020E6100000BA490C022B7F52C0355EBA490C624440,{}
441,Room No 441,A sensor that measures the Room No 441 in a room,application/vnd.geo+json,0101000020E6100000BA490C022B7F52C0355EBA490C624440,{}
442,Room No 442,A sensor that measures the Room No 442 in a room,application/vnd.geo+json,0101000020E6100000BA490C022B7F52C0355EBA490C624440,{}
443,Room No 443,A sensor that measures the Room No 443 in a room,application/vnd.geo+json,0101000020E6100000BA490C022B7F52C0355EBA490C624440,{}
444,Room No 444,A sensor that measures the Room No 444 in a room,application/vnd.geo+json,0101000020E6100000BA490C022B7F52C0355EBA490C624440,{}
445,Room No 445,A sensor that measures the Room No 445 in a room,application/vnd.geo+json,0101000020E6100000BA490C022B7F52C0355EBA490C624440,{}
446,Room No 446,A sensor that measures the Room No 446 in a room,application/vnd.geo+json,0101000020E6100000BA490C022B7F52C0355EBA490C624440,{}
447,Room No 447,A sensor that measures the Room No 447 in a room,application/vnd.geo+json,0101000020E6100000BA490C022B7F52C0355EBA490C624440,{}
448,Room No 448,A sensor that measures the Room No 448 in a room,application/vnd.geo+json,0101000020E6100000BA490C022B7F52C0355EBA490C624440,{}
449,Room No 449,A sensor that measures the Room No 449 in a room,application/vnd.geo+json,0101000020E6100000BA490C022B7F52C0355EBA490C624440,{}
450,Room No 450,A sensor that measures the Room No 450 in a room,application/vnd.geo+json,0101000020E6100000BA490C022B7F52C0355EBA490C624440,{}
451,Room No 451,A sensor that measures the Room No 451 in a room,application/vnd.geo+json,0101000020E6100000BA490C022B7F52C0355EBA490C624440,{}
452,Room No 452,A sensor that measures the Room No 452 in a room,application/vnd.geo+json,0101000020E6100000BA490C022B7F52C0355EBA490C624440,{}
453,Room No 453,A sensor that measures the Room No 453 in a room,application/vnd.geo+json,0101000020E6100000BA490C022B7F52C0355EBA490C624440,{}
454,Room No 454,A sensor that measures the Room No 454 in a room,application/vnd.geo+json,0101000020E6100000BA490C022B7F52C0355EBA490C624440,{}
455,Room No 455,A sensor that measures the Room No 455 in a room,application/vnd.geo+json,0101000020E6100000BA490C022B7F52C0355EBA490C624440,{}
456,Room No 456,A sensor that measures the Room No 456 in a room,application/vnd.geo+json,0101000020E6100000BA490C022B7F52C0355EBA490C624440,{}
457,Room No 457,A sensor that measures the Room No 457 in a room,application/vnd.geo+json,0101000020E6100000BA490C022B7F52C0355EBA490C624440,{}
458,Room No 458,A sensor that measures the Room No 458 in a room,application/vnd.geo+json,0101000020E6100000BA490C022B7F52C0355EBA490C624440,{}
459,Room No 459,A sensor that measures the Room No 459 in a room,application/vnd.geo+json,0101000020E6100000BA490C022B7F52C0355EBA490C624440,{}
460,Room No 460,A sensor that measures the Room No 460 in a room,application/vnd.geo+json,0101000020E6100000BA490C022B7F52C0355EBA490C624440,{}
461,Room No 461,A sensor that measures the Room No 461 in a room,application/vnd.geo+json,0101000020E6100000BA490C022B7F52C0355EBA490C624440,{}
462,Room No 462,A sensor that measures the Room No 462 in a room,application/vnd.geo+json,0101000020E6100000BA490C022B7F52C0355EBA490C624440,{}
463,Room No 463,A sensor that measures the Room No 463 in a room,application/vnd.geo+json,0101000020E6100000BA490C022B7F52C0355EBA490C624440,{}
464,Room No 464,A sensor that measures the Room No 464 in a room,application/vnd.geo+json,0101000020E6100000BA490C022B7F52C0355EBA490C624440,{}
465,Room No 465,A sensor that measures the Room No 465 in a room,application/vnd.geo+json,0101000020E6100000BA490C022B7F52C0355EBA490C624440,{}
466,Room No 466,A sensor that measures the Room No 466 in a room,application/vnd.geo+json,0101000020E6100000BA490C022B7F52C0355EBA490C624440,{}
467,Room No 467,A sensor that measures the Room No 467 in a room,application/vnd.geo+json,0101000020E6100000BA490C022B7F52C0355EBA490C624440,{}
468,Room No 468,A sensor that measures the Room No 468 in a room,application/vnd.geo+json,0101000020E6100000BA490C022B7F52C0355EBA490C624440,{}
469,Room No 469,A sensor that measures the Room No 469 in a room,application/vnd.geo+json,0101000020E6100000BA490C022B7F52C0355EBA490C624440,{}
470,Room No 470,A sensor that measures the Room No 470 in a room,application/vnd.geo+json,0101000020E6100000BA490C022B7F52C0355EBA490C624440,{}
471,Room No 471,A sensor that measures the Room No 471 in a room,application/vnd.geo+json,0101000020E6100000BA490C022B7F52C0355EBA490C624440,{}
472,Room No 472,A sensor that measures the Room No 472 in a room,application/vnd.geo+json,0101000020E6100000BA490C022B7F52C0355EBA490C624440,{}
473,Room No 473,A sensor that measures the Room No 473 in a room,application/vnd.geo+json,0101000020E6100000BA490C022B7F52C0355EBA490C624440,{}
474,Room No 474,A sensor that measures the Room No 474 in a room,application/vnd.geo+json,0101000020E6100000BA490C022B7F52C0355EBA490C624440,{}
475,Room No 475,A sensor that measures the Room No 475 in a room,application/vnd.geo+json,0101000020E6100000BA490C022B7F52C0355EBA490C624440,{}
476,Room No 476,A sensor that measures the Room No 476 in a room,application/vnd.geo+json,0101000020E6100000BA490C022B7F52C0355EBA490C624440,{}
477,Room No 477,A sensor that measures the Room No 477 in a room,application/vnd.geo+json,0101000020E6100000BA490C022B7F52C0355EBA490C624440,{}
478,Room No 478,A sensor that measures the Room No 478 in a room,application/vnd.geo+json,0101000020E6100000BA490C022B7F52C0355EBA490C624440,{}
479,Room No 479,A sensor that measures the Room No 479 in a room,application/vnd.geo+json,0101000020E6100000BA490C022B7F52C0355EBA490C624440,{}
480,Room No 480,A sensor that measures the Room No 480 in a room,application/vnd.geo+json,0101000020E6100000BA490C022B7F52C0355EBA490C624440,{}
481,Room No 481,A sensor that measures the Room No 481 in a room,application/vnd.geo+json,0101000020E6100000BA490C022B7F52C0355EBA490C624440,{}
482,Room No 482,A sensor that measures the Room No 482 in a room,application/vnd.geo+json,0101000020E6100000BA490C022B7F52C0355EBA490C624440,{}
483,Room No 483,A sensor that measures the Room No 483 in a room,application/vnd.geo+json,0101000020E6100000BA490C022B7F52C0355EBA490C624440,{}
484,Room No 484,A sensor that measures the Room No 484 in a room,application/vnd.geo+json,0101000020E6100000BA490C022B7F52C0355EBA490C624440,{}
485,Room No 485,A sensor that measures the Room No 485 in a room,application/vnd.geo+json,0101000020E6100000BA490C022B7F52C0355EBA490C624440,{}
486,Room No 486,A sensor that measures the Room No 486 in a room,application/vnd.geo+json,0101000020E6100000BA490C022B7F52C0355EBA490C624440,{}
487,Room No 487,A sensor that measures the Room No 487 in a room,application/vnd.geo+json,0101000020E6100000BA490C022B7F52C0355EBA490C624440,{}
488,Room No 488,A sensor that measures the Room No 488 in a room,application/vnd.geo+json,0101000020E6100000BA490C022B7F52C0355EBA490C624440,{}
489,Room No 489,A sensor that measures the Room No 489 in a room,application/vnd.geo+json,0101000020E6100000BA490C022B7F52C0355EBA490C624440,{}
490,Room No 490,A sensor that measures the Room No 490 in a room,application/vnd.geo+json,0101000020E6100000BA490C022B7F52C0355EBA490C624440,{}
491,Room No 491,A sensor that measures the Room No 491 in a room,application/vnd.geo+json,0101000020E6100000BA490C022B7F52C0355EBA490C624440,{}
492,Room No 492,A sensor that measures the Room No 492 in a room,application/vnd.geo+json,0101000020E6100000BA490C022B7F52C0355EBA490C624440,{}
493,Room No 493,A sensor that measures the Room No 493 in a room,application/vnd.geo+json,0101000020E6100000BA490C022B7F52C0355EBA490C624440,{}
494,Room No 494,A sensor that measures the Room No 494 in a room,application/vnd.geo+json,0101000020E6100000BA490C022B7F52C0355EBA490C624440,{}
495,Room No 495,A sensor that measures the Room No 495 in a room,application/vnd.geo+json,0101000020E6100000BA490C022B7F52C0355EBA490C624440,{}
496,Room No 496,A sensor that measures the Room No 496 in a room,application/vnd.geo+json,0101000020E6100000BA490C022B7F52C0355EBA490C624440,{}
497,Room No 497,A sensor that measures the Room No 497 in a room,application/vnd.geo+json,0101000020E6100000BA490C022B7F52C0355EBA490C624440,{}
498,Room No 498,A sensor that measures the Room No 498 in a room,application/vnd.geo+json,0101000020E6100000BA490C022B7F52C0355EBA490C624440,{}
499,Room No 499,A sensor that measures the Room No 499 in a room,application/vnd.geo+json,0101000020E6100000BA490C022B7F52C0355EBA490C624440,{}
500,Room No 500,A sensor that measures the Room No 500 in a room,application/vnd.geo+json,0101000020E6100000BA490C022B7F52C0355EBA490C624440,{}
501,Room No 501,A sensor that measures the Room No 501 in a room,application/vnd.geo+json,0101000020E6100000BA490C022B7F52C0355EBA490C624440,{}
