id,name,description,properties,location_id
9,Humidity Sensor_9,A sensor that measures the Humidity Sensor_9 in a room,"{""model"": ""Model-9"", ""manufacturer"": ""Manufacturer-9""}",9
10,Pressure Sensor_10,A sensor that measures the Pressure Sensor_10 in a room,"{""model"": ""Model-10"", ""manufacturer"": ""Manufacturer-10""}",10
11,Temperature Sensor_11,A sensor that measures the Temperature Sensor_11 in a room,"{""model"": ""Model-11"", ""manufacturer"": ""Manufacturer-11""}",11
12,Temperature Sensor_12,A sensor that measures the Temperature Sensor_12 in a room,"{""model"": ""Model-12"", ""manufacturer"": ""Manufacturer-12""}",12
13,Humidity Sensor_13,A sensor that measures the Humidity Sensor_13 in a room,"{""model"": ""Model-13"", ""manufacturer"": ""Manufacturer-13""}",13
14,Light Sensor_14,A sensor that measures the Light Sensor_14 in a room,"{""model"": ""Model-14"", ""manufacturer"": ""Manufacturer-14""}",14
15,Motion Sensor_15,A sensor that measures the Motion Sensor_15 in a room,"{""model"": ""Model-15"", ""manufacturer"": ""Manufacturer-15""}",15
16,Light Sensor_16,A sensor that measures the Light Sensor_16 in a room,"{""model"": ""Model-16"", ""manufacturer"": ""Manufacturer-16""}",16
17,Motion Sensor_17,A sensor that measures the Motion Sensor_17 in a room,"{""model"": ""Model-17"", ""manufacturer"": ""Manufacturer-17""}",17
18,Humidity Sensor_18,A sensor that measures the Humidity Sensor_18 in a room,"{""model"": ""Model-18"", ""manufacturer"": ""Manufacturer-18""}",18
19,Temperature Sensor_19,A sensor that measures the Temperature Sensor_19 in a room,"{""model"": ""Model-19"", ""manufacturer"": ""Manufacturer-19""}",19
20,Temperature Sensor_20,A sensor that measures the Temperature Sensor_20 in a room,"{""model"": ""Model-20"", ""manufacturer"": ""Manufacturer-20""}",20
21,CO2 Sensor_21,A sensor that measures the CO2 Sensor_21 in a room,"{""model"": ""Model-21"", ""manufacturer"": ""Manufacturer-21""}",21
22,Motion Sensor_22,A sensor that measures the Motion Sensor_22 in a room,"{""model"": ""Model-22"", ""manufacturer"": ""Manufacturer-22""}",22
23,Light Sensor_23,A sensor that measures the Light Sensor_23 in a room,"{""model"": ""Model-23"", ""manufacturer"": ""Manufacturer-23""}",23
24,Humidity Sensor_24,A sensor that measures the Humidity Sensor_24 in a room,"{""model"": ""Model-24"", ""manufacturer"": ""Manufacturer-24""}",24
25,Humidity Sensor_25,A sensor that measures the Humidity Sensor_25 in a room,"{""model"": ""Model-25"", ""manufacturer"": ""Manufacturer-25""}",25
26,Light Sensor_26,A sensor that measures the Light Sensor_26 in a room,"{""model"": ""Model-26"", ""manufacturer"": ""Manufacturer-26""}",26
27,Pressure Sensor_27,A sensor that measures the Pressure Sensor_27 in a room,"{""model"": ""Model-27"", ""manufacturer"": ""Manufacturer-27""}",27
28,Light Sensor_28,A sensor that measures the Light Sensor_28 in a room,"{""model"": ""Model-28"", ""manufacturer"": ""Manufacturer-28""}",28
29,Motion Sensor_29,A sensor that measures the Motion Sensor_29 in a room,"{""model"": ""Model-29"", ""manufacturer"": ""Manufacturer-29""}",29
30,Light Sensor_30,A sensor that measures the Light Sensor_30 in a room,"{""model"": ""Model-30"", ""manufacturer"": ""Manufacturer-30""}",30
31,CO2 Sensor_31,A sensor that measures the CO2 Sensor_31 in a room,"{""model"": ""Model-31"", ""manufacturer"": ""Manufacturer-31""}",31
32,Humidity Sensor_32,A sensor that measures the Humidity Sensor_32 in a room,"{""model"": ""Model-32"", ""manufacturer"": ""Manufacturer-32""}",32
33,Pressure Sensor_33,A sensor that measures the Pressure Sensor_33 in a room,"{""model"": ""Model-33"", ""manufacturer"": ""Manufacturer-33""}",33
34,Temperature Sensor_34,A sensor that measures the Temperature Sensor_34 in a room,"{""model"": ""Model-34"", ""manufacturer"": ""Manufacturer-34""}",34
35,Motion Sensor_35,A sensor that measures the Motion Sensor_35 in a room,"{""model"": ""Model-35"", ""manufacturer"": ""Manufacturer-35""}",35
36,Humidity Sensor_36,A sensor that measures the Humidity Sensor_36 in a room,"{""model"": ""Model-36"", ""manufacturer"": ""Manufacturer-36""}",36
37,Light Sensor_37,A sensor that measures the Light Sensor_37 in a room,"{""model"": ""Model-37"", ""manufacturer"": ""Manufacturer-37""}",37
38,Humidity Sensor_38,A sensor that measures the Humidity Sensor_38 in a room,"{""model"": ""Model-38"", ""manufacturer"": ""Manufacturer-38""}",38
39,Motion Sensor_39,A sensor that measures the Motion Sensor_39 in a room,"{""model"": ""Model-39"", ""manufacturer"": ""Manufacturer-39""}",39
40,Pressure Sensor_40,A sensor that measures the Pressure Sensor_40 in a room,"{""model"": ""Model-40"", ""manufacturer"": ""Manufacturer-40""}",40
41,Light Sensor_41,A sensor that measures the Light Sensor_41 in a room,"{""model"": ""Model-41"", ""manufacturer"": ""Manufacturer-41""}",41
42,Temperature Sensor_42,A sensor that measures the Temperature Sensor_42 in a room,"{""model"": ""Model-42"", ""manufacturer"": ""Manufacturer-42""}",42
43,Motion Sensor_43,A sensor that measures the Motion Sensor_43 in a room,"{""model"": ""Model-43"", ""manufacturer"": ""Manufacturer-43""}",43
44,Pressure Sensor_44,A sensor that measures the Pressure Sensor_44 in a room,"{""model"": ""Model-44"", ""manufacturer"": ""Manufacturer-44""}",44
45,Humidity Sensor_45,A sensor that measures the Humidity Sensor_45 in a room,"{""model"": ""Model-45"", ""manufacturer"": ""Manufacturer-45""}",45
46,Humidity Sensor_46,A sensor that measures the Humidity Sensor_46 in a room,"{""model"": ""Model-46"", ""manufacturer"": ""Manufacturer-46""}",46
47,Light Sensor_47,A sensor that measures the Light Sensor_47 in a room,"{""model"": ""Model-47"", ""manufacturer"": ""Manufacturer-47""}",47
48,CO2 Sensor_48,A sensor that measures the CO2 Sensor_48 in a room,"{""model"": ""Model-48"", ""manufacturer"": ""Manufacturer-48""}",48
49,Humidity Sensor_49,A sensor that measures the Humidity Sensor_49 in a room,"{""model"": ""Model-49"", ""manufacturer"": ""Manufacturer-49""}",49
50,Light Sensor_50,A sensor that measures the Light Sensor_50 in a room,"{""model"": ""Model-50"", ""manufacturer"": ""Manufacturer-50""}",50
51,Light Sensor_51,A sensor that measures the Light Sensor_51 in a room,"{""model"": ""Model-51"", ""manufacturer"": ""Manufacturer-51""}",51
52,Humidity Sensor_52,A sensor that measures the Humidity Sensor_52 in a room,"{""model"": ""Model-52"", ""manufacturer"": ""Manufacturer-52""}",52
53,Light Sensor_53,A sensor that measures the Light Sensor_53 in a room,"{""model"": ""Model-53"", ""manufacturer"": ""Manufacturer-53""}",53
54,Temperature Sensor_54,A sensor that measures the Temperature Sensor_54 in a room,"{""model"": ""Model-54"", ""manufacturer"": ""Manufacturer-54""}",54
55,CO2 Sensor_55,A sensor that measures the CO2 Sensor_55 in a room,"{""model"": ""Model-55"", ""manufacturer"": ""Manufacturer-55""}",55
56,Temperature Sensor_56,A sensor that measures the Temperature Sensor_56 in a room,"{""model"": ""Model-56"", ""manufacturer"": ""Manufacturer-56""}",56
57,Pressure Sensor_57,A sensor that measures the Pressure Sensor_57 in a room,"{""model"": ""Model-57"", ""manufacturer"": ""Manufacturer-57""}",57
58,Motion Sensor_58,A sensor that measures the Motion Sensor_58 in a room,"{""model"": ""Model-58"", ""manufacturer"": ""Manufacturer-58""}",58
59,Humidity Sensor_59,A sensor that measures the Humidity Sensor_59 in a room,"{""model"": ""Model-59"", ""manufacturer"": ""Manufacturer-59""}",59
60,CO2 Sensor_60,A sensor that measures the CO2 Sensor_60 in a room,"{""model"": ""Model-60"", ""manufacturer"": ""Manufacturer-60""}",60
61,Pressure Sensor_61,A sensor that measures the Pressure Sensor_61 in a room,"{""model"": ""Model-61"", ""manufacturer"": ""Manufacturer-61""}",61
62,Pressure Sensor_62,A sensor that measures the Pressure Sensor_62 in a room,"{""model"": ""Model-62"", ""manufacturer"": ""Manufacturer-62""}",62
63,CO2 Sensor_63,A sensor that measures the CO2 Sensor_63 in a room,"{""model"": ""Model-63"", ""manufacturer"": ""Manufacturer-63""}",63
64,Light Sensor_64,A sensor that measures the Light Sensor_64 in a room,"{""model"": ""Model-64"", ""manufacturer"": ""Manufacturer-64""}",64
65,Light Sensor_65,A sensor that measures the Light Sensor_65 in a room,"{""model"": ""Model-65"", ""manufacturer"": ""Manufacturer-65""}",65
66,Light Sensor_66,A sensor that measures the Light Sensor_66 in a room,"{""model"": ""Model-66"", ""manufacturer"": ""Manufacturer-66""}",66
67,Temperature Sensor_67,A sensor that measures the Temperature Sensor_67 in a room,"{""model"": ""Model-67"", ""manufacturer"": ""Manufacturer-67""}",67
68,CO2 Sensor_68,A sensor that measures the CO2 Sensor_68 in a room,"{""model"": ""Model-68"", ""manufacturer"": ""Manufacturer-68""}",68
69,Temperature Sensor_69,A sensor that measures the Temperature Sensor_69 in a room,"{""model"": ""Model-69"", ""manufacturer"": ""Manufacturer-69""}",69
70,Motion Sensor_70,A sensor that measures the Motion Sensor_70 in a room,"{""model"": ""Model-70"", ""manufacturer"": ""Manufacturer-70""}",70
71,Humidity Sensor_71,A sensor that measures the Humidity Sensor_71 in a room,"{""model"": ""Model-71"", ""manufacturer"": ""Manufacturer-71""}",71
72,Humidity Sensor_72,A sensor that measures the Humidity Sensor_72 in a room,"{""model"": ""Model-72"", ""manufacturer"": ""Manufacturer-72""}",72
73,Temperature Sensor_73,A sensor that measures the Temperature Sensor_73 in a room,"{""model"": ""Model-73"", ""manufacturer"": ""Manufacturer-73""}",73
74,Light Sensor_74,A sensor that measures the Light Sensor_74 in a room,"{""model"": ""Model-74"", ""manufacturer"": ""Manufacturer-74""}",74
75,Light Sensor_75,A sensor that measures the Light Sensor_75 in a room,"{""model"": ""Model-75"", ""manufacturer"": ""Manufacturer-75""}",75
76,Temperature Sensor_76,A sensor that measures the Temperature Sensor_76 in a room,"{""model"": ""Model-76"", ""manufacturer"": ""Manufacturer-76""}",76
77,Motion Sensor_77,A sensor that measures the Motion Sensor_77 in a room,"{""model"": ""Model-77"", ""manufacturer"": ""Manufacturer-77""}",77
78,Pressure Sensor_78,A sensor that measures the Pressure Sensor_78 in a room,"{""model"": ""Model-78"", ""manufacturer"": ""Manufacturer-78""}",78
79,Motion Sensor_79,A sensor that measures the Motion Sensor_79 in a room,"{""model"": ""Model-79"", ""manufacturer"": ""Manufacturer-79""}",79
80,Light Sensor_80,A sensor that measures the Light Sensor_80 in a room,"{""model"": ""Model-80"", ""manufacturer"": ""Manufacturer-80""}",80
81,Pressure Sensor_81,A sensor that measures the Pressure Sensor_81 in a room,"{""model"": ""Model-81"", ""manufacturer"": ""Manufacturer-81""}",81
82,Pressure Sensor_82,A sensor that measures the Pressure Sensor_82 in a room,"{""model"": ""Model-82"", ""manufacturer"": ""Manufacturer-82""}",82
83,Temperature Sensor_83,A sensor that measures the Temperature Sensor_83 in a room,"{""model"": ""Model-83"", ""manufacturer"": ""Manufacturer-83""}",83
84,Motion Sensor_84,A sensor that measures the Motion Sensor_84 in a room,"{""model"": ""Model-84"", ""manufacturer"": ""Manufacturer-84""}",84
85,Motion Sensor_85,A sensor that measures the Motion Sensor_85 in a room,"{""model"": ""Model-85"", ""manufacturer"": ""Manufacturer-85""}",85
86,Humidity Sensor_86,A sensor that measures the Humidity Sensor_86 in a room,"{""model"": ""Model-86"", ""manufacturer"": ""Manufacturer-86""}",86
87,Pressure Sensor_87,A sensor that measures the Pressure Sensor_87 in a room,"{""model"": ""Model-87"", ""manufacturer"": ""Manufacturer-87""}",87
88,CO2 Sensor_88,A sensor that measures the CO2 Sensor_88 in a room,"{""model"": ""Model-88"", ""manufacturer"": ""Manufacturer-88""}",88
89,Temperature Sensor_89,A sensor that measures the Temperature Sensor_89 in a room,"{""model"": ""Model-89"", ""manufacturer"": ""Manufacturer-89""}",89
90,Light Sensor_90,A sensor that measures the Light Sensor_90 in a room,"{""model"": ""Model-90"", ""manufacturer"": ""Manufacturer-90""}",90
91,Light Sensor_91,A sensor that measures the Light Sensor_91 in a room,"{""model"": ""Model-91"", ""manufacturer"": ""Manufacturer-91""}",91
92,Temperature Sensor_92,A sensor that measures the Temperature Sensor_92 in a room,"{""model"": ""Model-92"", ""manufacturer"": ""Manufacturer-92""}",92
93,Humidity Sensor_93,A sensor that measures the Humidity Sensor_93 in a room,"{""model"": ""Model-93"", ""manufacturer"": ""Manufacturer-93""}",93
94,Humidity Sensor_94,A sensor that measures the Humidity Sensor_94 in a room,"{""model"": ""Model-94"", ""manufacturer"": ""Manufacturer-94""}",94
95,CO2 Sensor_95,A sensor that measures the CO2 Sensor_95 in a room,"{""model"": ""Model-95"", ""manufacturer"": ""Manufacturer-95""}",95
96,Temperature Sensor_96,A sensor that measures the Temperature Sensor_96 in a room,"{""model"": ""Model-96"", ""manufacturer"": ""Manufacturer-96""}",96
97,Light Sensor_97,A sensor that measures the Light Sensor_97 in a room,"{""model"": ""Model-97"", ""manufacturer"": ""Manufacturer-97""}",97
98,Light Sensor_98,A sensor that measures the Light Sensor_98 in a room,"{""model"": ""Model-98"", ""manufacturer"": ""Manufacturer-98""}",98
99,Temperature Sensor_99,A sensor that measures the Temperature Sensor_99 in a room,"{""model"": ""Model-99"", ""manufacturer"": ""Manufacturer-99""}",99
100,CO2 Sensor_100,A sensor that measures the CO2 Sensor_100 in a room,"{""model"": ""Model-100"", ""manufacturer"": ""Manufacturer-100""}",100
101,Motion Sensor_101,A sensor that measures the Motion Sensor_101 in a room,"{""model"": ""Model-101"", ""manufacturer"": ""Manufacturer-101""}",101
102,Humidity Sensor_102,A sensor that measures the Humidity Sensor_102 in a room,"{""model"": ""Model-102"", ""manufacturer"": ""Manufacturer-102""}",102
103,CO2 Sensor_103,A sensor that measures the CO2 Sensor_103 in a room,"{""model"": ""Model-103"", ""manufacturer"": ""Manufacturer-103""}",103
104,Motion Sensor_104,A sensor that measures the Motion Sensor_104 in a room,"{""model"": ""Model-104"", ""manufacturer"": ""Manufacturer-104""}",104
105,Temperature Sensor_105,A sensor that measures the Temperature Sensor_105 in a room,"{""model"": ""Model-105"", ""manufacturer"": ""Manufacturer-105""}",105
106,Pressure Sensor_106,A sensor that measures the Pressure Sensor_106 in a room,"{""model"": ""Model-106"", ""manufacturer"": ""Manufacturer-106""}",106
107,Motion Sensor_107,A sensor that measures the Motion Sensor_107 in a room,"{""model"": ""Model-107"", ""manufacturer"": ""Manufacturer-107""}",107
108,Temperature Sensor_108,A sensor that measures the Temperature Sensor_108 in a room,"{""model"": ""Model-108"", ""manufacturer"": ""Manufacturer-108""}",108
109,Motion Sensor_109,A sensor that measures the Motion Sensor_109 in a room,"{""model"": ""Model-109"", ""manufacturer"": ""Manufacturer-109""}",109
110,Temperature Sensor_110,A sensor that measures the Temperature Sensor_110 in a room,"{""model"": ""Model-110"", ""manufacturer"": ""Manufacturer-110""}",110
111,Temperature Sensor_111,A sensor that measures the Temperature Sensor_111 in a room,"{""model"": ""Model-111"", ""manufacturer"": ""Manufacturer-111""}",111
112,Temperature Sensor_112,A sensor that measures the Temperature Sensor_112 in a room,"{""model"": ""Model-112"", ""manufacturer"": ""Manufacturer-112""}",112
113,Light Sensor_113,A sensor that measures the Light Sensor_113 in a room,"{""model"": ""Model-113"", ""manufacturer"": ""Manufacturer-113""}",113
114,Temperature Sensor_114,A sensor that measures the Temperature Sensor_114 in a room,"{""model"": ""Model-114"", ""manufacturer"": ""Manufacturer-114""}",114
115,Motion Sensor_115,A sensor that measures the Motion Sensor_115 in a room,"{""model"": ""Model-115"", ""manufacturer"": ""Manufacturer-115""}",115
116,CO2 Sensor_116,A sensor that measures the CO2 Sensor_116 in a room,"{""model"": ""Model-116"", ""manufacturer"": ""Manufacturer-116""}",116
117,Light Sensor_117,A sensor that measures the Light Sensor_117 in a room,"{""model"": ""Model-117"", ""manufacturer"": ""Manufacturer-117""}",117
118,Humidity Sensor_118,A sensor that measures the Humidity Sensor_118 in a room,"{""model"": ""Model-118"", ""manufacturer"": ""Manufacturer-118""}",118
119,Light Sensor_119,A sensor that measures the Light Sensor_119 in a room,"{""model"": ""Model-119"", ""manufacturer"": ""Manufacturer-119""}",119
120,CO2 Sensor_120,A sensor that measures the CO2 Sensor_120 in a room,"{""model"": ""Model-120"", ""manufacturer"": ""Manufacturer-120""}",120
121,Humidity Sensor_121,A sensor that measures the Humidity Sensor_121 in a room,"{""model"": ""Model-121"", ""manufacturer"": ""Manufacturer-121""}",121
122,Pressure Sensor_122,A sensor that measures the Pressure Sensor_122 in a room,"{""model"": ""Model-122"", ""manufacturer"": ""Manufacturer-122""}",122
123,Pressure Sensor_123,A sensor that measures the Pressure Sensor_123 in a room,"{""model"": ""Model-123"", ""manufacturer"": ""Manufacturer-123""}",123
124,Humidity Sensor_124,A sensor that measures the Humidity Sensor_124 in a room,"{""model"": ""Model-124"", ""manufacturer"": ""Manufacturer-124""}",124
125,CO2 Sensor_125,A sensor that measures the CO2 Sensor_125 in a room,"{""model"": ""Model-125"", ""manufacturer"": ""Manufacturer-125""}",125
126,Temperature Sensor_126,A sensor that measures the Temperature Sensor_126 in a room,"{""model"": ""Model-126"", ""manufacturer"": ""Manufacturer-126""}",126
127,Light Sensor_127,A sensor that measures the Light Sensor_127 in a room,"{""model"": ""Model-127"", ""manufacturer"": ""Manufacturer-127""}",127
128,CO2 Sensor_128,A sensor that measures the CO2 Sensor_128 in a room,"{""model"": ""Model-128"", ""manufacturer"": ""Manufacturer-128""}",128
129,Light Sensor_129,A sensor that measures the Light Sensor_129 in a room,"{""model"": ""Model-129"", ""manufacturer"": ""Manufacturer-129""}",129
130,Light Sensor_130,A sensor that measures the Light Sensor_130 in a room,"{""model"": ""Model-130"", ""manufacturer"": ""Manufacturer-130""}",130
131,Motion Sensor_131,A sensor that measures the Motion Sensor_131 in a room,"{""model"": ""Model-131"", ""manufacturer"": ""Manufacturer-131""}",131
132,Light Sensor_132,A sensor that measures the Light Sensor_132 in a room,"{""model"": ""Model-132"", ""manufacturer"": ""Manufacturer-132""}",132
133,Temperature Sensor_133,A sensor that measures the Temperature Sensor_133 in a room,"{""model"": ""Model-133"", ""manufacturer"": ""Manufacturer-133""}",133
134,Humidity Sensor_134,A sensor that measures the Humidity Sensor_134 in a room,"{""model"": ""Model-134"", ""manufacturer"": ""Manufacturer-134""}",134
135,Temperature Sensor_135,A sensor that measures the Temperature Sensor_135 in a room,"{""model"": ""Model-135"", ""manufacturer"": ""Manufacturer-135""}",135
136,CO2 Sensor_136,A sensor that measures the CO2 Sensor_136 in a room,"{""model"": ""Model-136"", ""manufacturer"": ""Manufacturer-136""}",136
137,CO2 Sensor_137,A sensor that measures the CO2 Sensor_137 in a room,"{""model"": ""Model-137"", ""manufacturer"": ""Manufacturer-137""}",137
138,Temperature Sensor_138,A sensor that measures the Temperature Sensor_138 in a room,"{""model"": ""Model-138"", ""manufacturer"": ""Manufacturer-138""}",138
139,Temperature Sensor_139,A sensor that measures the Temperature Sensor_139 in a room,"{""model"": ""Model-139"", ""manufacturer"": ""Manufacturer-139""}",139
140,Motion Sensor_140,A sensor that measures the Motion Sensor_140 in a room,"{""model"": ""Model-140"", ""manufacturer"": ""Manufacturer-140""}",140
141,Humidity Sensor_141,A sensor that measures the Humidity Sensor_141 in a room,"{""model"": ""Model-141"", ""manufacturer"": ""Manufacturer-141""}",141
142,Pressure Sensor_142,A sensor that measures the Pressure Sensor_142 in a room,"{""model"": ""Model-142"", ""manufacturer"": ""Manufacturer-142""}",142
143,Humidity Sensor_143,A sensor that measures the Humidity Sensor_143 in a room,"{""model"": ""Model-143"", ""manufacturer"": ""Manufacturer-143""}",143
144,Temperature Sensor_144,A sensor that measures the Temperature Sensor_144 in a room,"{""model"": ""Model-144"", ""manufacturer"": ""Manufacturer-144""}",144
145,Pressure Sensor_145,A sensor that measures the Pressure Sensor_145 in a room,"{""model"": ""Model-145"", ""manufacturer"": ""Manufacturer-145""}",145
146,Pressure Sensor_146,A sensor that measures the Pressure Sensor_146 in a room,"{""model"": ""Model-146"", ""manufacturer"": ""Manufacturer-146""}",146
147,Light Sensor_147,A sensor that measures the Light Sensor_147 in a room,"{""model"": ""Model-147"", ""manufacturer"": ""Manufacturer-147""}",147
148,Humidity Sensor_148,A sensor that measures the Humidity Sensor_148 in a room,"{""model"": ""Model-148"", ""manufacturer"": ""Manufacturer-148""}",148
149,Motion Sensor_149,A sensor that measures the Motion Sensor_149 in a room,"{""model"": ""Model-149"", ""manufacturer"": ""Manufacturer-149""}",149
150,Light Sensor_150,A sensor that measures the Light Sensor_150 in a room,"{""model"": ""Model-150"", ""manufacturer"": ""Manufacturer-150""}",150
151,Light Sensor_151,A sensor that measures the Light Sensor_151 in a room,"{""model"": ""Model-151"", ""manufacturer"": ""Manufacturer-151""}",151
152,Light Sensor_152,A sensor that measures the Light Sensor_152 in a room,"{""model"": ""Model-152"", ""manufacturer"": ""Manufacturer-152""}",152
153,CO2 Sensor_153,A sensor that measures the CO2 Sensor_153 in a room,"{""model"": ""Model-153"", ""manufacturer"": ""Manufacturer-153""}",153
154,Motion Sensor_154,A sensor that measures the Motion Sensor_154 in a room,"{""model"": ""Model-154"", ""manufacturer"": ""Manufacturer-154""}",154
155,Temperature Sensor_155,A sensor that measures the Temperature Sensor_155 in a room,"{""model"": ""Model-155"", ""manufacturer"": ""Manufacturer-155""}",155
156,Humidity Sensor_156,A sensor that measures the Humidity Sensor_156 in a room,"{""model"": ""Model-156"", ""manufacturer"": ""Manufacturer-156""}",156
157,CO2 Sensor_157,A sensor that measures the CO2 Sensor_157 in a room,"{""model"": ""Model-157"", ""manufacturer"": ""Manufacturer-157""}",157
158,Temperature Sensor_158,A sensor that measures the Temperature Sensor_158 in a room,"{""model"": ""Model-158"", ""manufacturer"": ""Manufacturer-158""}",158
159,CO2 Sensor_159,A sensor that measures the CO2 Sensor_159 in a room,"{""model"": ""Model-159"", ""manufacturer"": ""Manufacturer-159""}",159
160,Humidity Sensor_160,A sensor that measures the Humidity Sensor_160 in a room,"{""model"": ""Model-160"", ""manufacturer"": ""Manufacturer-160""}",160
161,Pressure Sensor_161,A sensor that measures the Pressure Sensor_161 in a room,"{""model"": ""Model-161"", ""manufacturer"": ""Manufacturer-161""}",161
162,Pressure Sensor_162,A sensor that measures the Pressure Sensor_162 in a room,"{""model"": ""Model-162"", ""manufacturer"": ""Manufacturer-162""}",162
163,Humidity Sensor_163,A sensor that measures the Humidity Sensor_163 in a room,"{""model"": ""Model-163"", ""manufacturer"": ""Manufacturer-163""}",163
164,CO2 Sensor_164,A sensor that measures the CO2 Sensor_164 in a room,"{""model"": ""Model-164"", ""manufacturer"": ""Manufacturer-164""}",164
165,Humidity Sensor_165,A sensor that measures the Humidity Sensor_165 in a room,"{""model"": ""Model-165"", ""manufacturer"": ""Manufacturer-165""}",165
166,Temperature Sensor_166,A sensor that measures the Temperature Sensor_166 in a room,"{""model"": ""Model-166"", ""manufacturer"": ""Manufacturer-166""}",166
167,Motion Sensor_167,A sensor that measures the Motion Sensor_167 in a room,"{""model"": ""Model-167"", ""manufacturer"": ""Manufacturer-167""}",167
168,Humidity Sensor_168,A sensor that measures the Humidity Sensor_168 in a room,"{""model"": ""Model-168"", ""manufacturer"": ""Manufacturer-168""}",168
169,Light Sensor_169,A sensor that measures the Light Sensor_169 in a room,"{""model"": ""Model-169"", ""manufacturer"": ""Manufacturer-169""}",169
170,Light Sensor_170,A sensor that measures the Light Sensor_170 in a room,"{""model"": ""Model-170"", ""manufacturer"": ""Manufacturer-170""}",170
171,Light Sensor_171,A sensor that measures the Light Sensor_171 in a room,"{""model"": ""Model-171"", ""manufacturer"": ""Manufacturer-171""}",171
172,Humidity Sensor_172,A sensor that measures the Humidity Sensor_172 in a room,"{""model"": ""Model-172"", ""manufacturer"": ""Manufacturer-172""}",172
173,Motion Sensor_173,A sensor that measures the Motion Sensor_173 in a room,"{""model"": ""Model-173"", ""manufacturer"": ""Manufacturer-173""}",173
174,CO2 Sensor_174,A sensor that measures the CO2 Sensor_174 in a room,"{""model"": ""Model-174"", ""manufacturer"": ""Manufacturer-174""}",174
175,Temperature Sensor_175,A sensor that measures the Temperature Sensor_175 in a room,"{""model"": ""Model-175"", ""manufacturer"": ""Manufacturer-175""}",175
176,Pressure Sensor_176,A sensor that measures the Pressure Sensor_176 in a room,"{""model"": ""Model-176"", ""manufacturer"": ""Manufacturer-176""}",176
177,CO2 Sensor_177,A sensor that measures the CO2 Sensor_177 in a room,"{""model"": ""Model-177"", ""manufacturer"": ""Manufacturer-177""}",177
178,Temperature Sensor_178,A sensor that measures the Temperature Sensor_178 in a room,"{""model"": ""Model-178"", ""manufacturer"": ""Manufacturer-178""}",178
179,Light Sensor_179,A sensor that measures the Light Sensor_179 in a room,"{""model"": ""Model-179"", ""manufacturer"": ""Manufacturer-179""}",179
180,Humidity Sensor_180,A sensor that measures the Humidity Sensor_180 in a room,"{""model"": ""Model-180"", ""manufacturer"": ""Manufacturer-180""}",180
181,Humidity Sensor_181,A sensor that measures the Humidity Sensor_181 in a room,"{""model"": ""Model-181"", ""manufacturer"": ""Manufacturer-181""}",181
182,Light Sensor_182,A sensor that measures the Light Sensor_182 in a room,"{""model"": ""Model-182"", ""manufacturer"": ""Manufacturer-182""}",182
183,Temperature Sensor_183,A sensor that measures the Temperature Sensor_183 in a room,"{""model"": ""Model-183"", ""manufacturer"": ""Manufacturer-183""}",183
184,CO2 Sensor_184,A sensor that measures the CO2 Sensor_184 in a room,"{""model"": ""Model-184"", ""manufacturer"": ""Manufacturer-184""}",184
185,Pressure Sensor_185,A sensor that measures the Pressure Sensor_185 in a room,"{""model"": ""Model-185"", ""manufacturer"": ""Manufacturer-185""}",185
186,Temperature Sensor_186,A sensor that measures the Temperature Sensor_186 in a room,"{""model"": ""Model-186"", ""manufacturer"": ""Manufacturer-186""}",186
187,Pressure Sensor_187,A sensor that measures the Pressure Sensor_187 in a room,"{""model"": ""Model-187"", ""manufacturer"": ""Manufacturer-187""}",187
188,Temperature Sensor_188,A sensor that measures the Temperature Sensor_188 in a room,"{""model"": ""Model-188"", ""manufacturer"": ""Manufacturer-188""}",188
189,CO2 Sensor_189,A sensor that measures the CO2 Sensor_189 in a room,"{""model"": ""Model-189"", ""manufacturer"": ""Manufacturer-189""}",189
190,Light Sensor_190,A sensor that measures the Light Sensor_190 in a room,"{""model"": ""Model-190"", ""manufacturer"": ""Manufacturer-190""}",190
191,CO2 Sensor_191,A sensor that measures the CO2 Sensor_191 in a room,"{""model"": ""Model-191"", ""manufacturer"": ""Manufacturer-191""}",191
192,CO2 Sensor_192,A sensor that measures the CO2 Sensor_192 in a room,"{""model"": ""Model-192"", ""manufacturer"": ""Manufacturer-192""}",192
193,Temperature Sensor_193,A sensor that measures the Temperature Sensor_193 in a room,"{""model"": ""Model-193"", ""manufacturer"": ""Manufacturer-193""}",193
194,Light Sensor_194,A sensor that measures the Light Sensor_194 in a room,"{""model"": ""Model-194"", ""manufacturer"": ""Manufacturer-194""}",194
195,Light Sensor_195,A sensor that measures the Light Sensor_195 in a room,"{""model"": ""Model-195"", ""manufacturer"": ""Manufacturer-195""}",195
196,Pressure Sensor_196,A sensor that measures the Pressure Sensor_196 in a room,"{""model"": ""Model-196"", ""manufacturer"": ""Manufacturer-196""}",196
197,CO2 Sensor_197,A sensor that measures the CO2 Sensor_197 in a room,"{""model"": ""Model-197"", ""manufacturer"": ""Manufacturer-197""}",197
198,Light Sensor_198,A sensor that measures the Light Sensor_198 in a room,"{""model"": ""Model-198"", ""manufacturer"": ""Manufacturer-198""}",198
199,Temperature Sensor_199,A sensor that measures the Temperature Sensor_199 in a room,"{""model"": ""Model-199"", ""manufacturer"": ""Manufacturer-199""}",199
200,Light Sensor_200,A sensor that measures the Light Sensor_200 in a room,"{""model"": ""Model-200"", ""manufacturer"": ""Manufacturer-200""}",200
